;id;budget_EUR;local_currency;budget_LOCAL
0;ad74e8a6-5d25-4c1e-a91e-84d740d4acdb;102.6869139810088;MWK;106089.70159305449
1;dc3ab410-3d40-4b7b-81a8-07b2e6af4932;969.405048109958;GIP;850.1682271924332
2;38f5d460-232a-461c-b6ae-267c184fc0bd;894.7313851102089;SBD;7167.6931261178825
3;c7e438ac-2c99-4d87-a356-676b6062e77d;895.1944358135232;GNF;7697090.966064323
4;dd32e982-c764-419b-8699-522253510b63;106.47752766353368;EGP;2061.2132760162176
5;d8cbe78b-87d3-450e-b18f-79633f803e2f;361.8904433423608;JEP;317.3779188112504
6;58a6d690-9d39-4393-947e-4a7c1202de4f;194.9651553808144;CLP;179444.34979474297
7;15e15cbd-a3b4-42de-90e8-71399d3739a0;674.5608269827513;NOK;6891.2459523730895
8;ed67b953-ce71-4952-93bf-7ae46fd3cc73;635.5789193312133;XOF;416912.4411877447
9;3ee7edcb-6b45-485d-bd7a-da17576d56aa;885.6096214848591;BIF;1795406.1273420912
10;5f41ff33-f00b-4e69-8919-c6a38b232e50;170.20626648429672;OMR;65.46133008986052
11;b73d45f4-e0ce-4ff3-9fc7-304309ee1df1;228.2370189673764;GNF;1962435.2280728351
12;4482e8ac-0cde-4fc3-9c49-8062d1957064;11.559259352363016;RSD;1355.8641324022542
13;d1a018e2-0da8-493e-b257-603099b0ab1d;800.1772147319867;MZN;50971.12854298461
14;d88e5dba-14da-4003-a893-931f8c9d636e;62.71495647372704;AFN;5504.980906359518
15;8d60dcfe-f320-4bd3-b545-bc2436bc91c8;654.8401042071783;ZAR;11546.795557485175
16;7cc7a344-563d-4462-8069-f52163e09abc;666.4707820212694;QAR;2426.55347026124
17;af52e756-285e-4cb7-87b1-e3c1d2233dce;781.7776846748111;CNY;5478.072592053337
18;795a1053-89fd-4e19-804c-199fd16313cb;545.3431123839655;GEL;1537.1586308766837
19;a50c1858-21e5-42b7-ab9e-766c819d47b6;164.05452665090414;BND;230.56223175518068
20;fef92f7b-f08c-4c7c-8c54-4674ff97cd9e;322.6785026057779;XDR;248.94646476035766
21;3e6b624d-812d-48be-99fc-f1db77ec0b2e;938.1840800422178;GIP;822.787438197025
22;9daaddae-1158-4bfd-8caa-4dffb72dc469;157.5431980749259;UZS;1721438.8890933108
23;905a683a-7e96-478d-8ac4-cea4ac8b1e53;391.3858470266172;MAD;4217.534748974124
24;db6edf78-f028-46e2-bc5a-253e9a92d00e;581.0849906635472;RON;2849.4083602177698
25;4f2fccdf-f0ca-4b91-b408-3f2a8a2d3f25;588.4807587584835;JMD;89267.9998018195
26;c4da736a-0b4d-4b49-bb3a-20d11a7e8fef;374.7477361235588;GNF;3222168.613736291
27;1dd3ddee-aa9b-41d8-b589-3ca33882e4b5;588.3384169866422;SOS;332334.78043708624
28;04ef7a53-b9dc-4507-a271-fd878423f8d4;349.9928123182687;GIP;306.94369640312163
29;81fd8bc8-0e95-4cdd-a53a-6363487ebe6b;813.8885434138904;IMP;713.7802525739819
30;ed6e72ff-c97c-476c-a154-63cb899b1f91;170.48054224984998;BAM;333.4258445322566
31;cd97fc3f-00d2-4577-8ba7-febe01417c0c;64.49440599904032;NIO;2313.4336915073764
32;114d061f-b884-43ff-bc33-074023cd7351;57.01372272501304;NAD;1004.4677669692796
33;34291fea-bce5-4701-a75f-9d4bd9b2255f;378.6233315946735;TZS;880494.3884227199
34;4bdcf775-83df-43d4-8162-6646d232fb00;937.903883131663;CLP;863239.1370129292
35;a0579b38-3f29-4453-8d97-f149227ded18;445.1215383692392;JEP;390.3715891498228
36;3cd2dc39-6faf-4528-8751-4eccb21ee990;677.3051725208516;IQD;982298.7395802673
37;a66ac81c-67f6-4874-a099-1bf44a0437db;68.58041313831664;NIO;2459.9999933953595
38;18561343-9e0f-4648-802a-0540d70d0762;419.8980404834671;XCD;1133.9766481296513
39;740dc282-ba9c-4953-8938-0616dcce75f2;240.5349548945092;NGN;102759.01024096976
40;6a299cca-75ac-48c7-8639-daf78561ac08;933.0662621645936;XDR;719.8606212599839
41;b42758e9-2e4e-4194-b289-a55069959b6c;873.3616285120037;KYD;727.9469173647551
42;016b2f67-f4df-4210-882e-dd1c25476b63;536.4709800096695;BTC;-1.0
43;0558e9ef-65e9-457d-ace6-59a86a6828f4;865.8082255484285;PGK;3036.7357702885583
44;711d06fc-744c-4a1c-9766-4bb5ac41f9ba;483.6598900891748;THB;17877.133589454097
45;559f2c5d-092b-4ed7-b23d-81bbe4aa9114;5.305007444966092;MVR;81.65467459291808
46;f82d47a7-7af4-4c7c-b8e9-86136a99bef6;794.1423321825936;ZMW;12392.432265242936
47;98472f20-d330-4203-acd4-ea77855eb196;602.0585298271073;HKD;4729.169751791928
48;59f2ae43-88fe-40b5-a882-5de3c2d59894;241.7005472799729;KWD;72.43765401980788
49;ebd52133-d1c0-4c18-b946-29e04ddc2f52;203.97422031209976;SOS;115218.93822511782
50;9ecad8cd-5776-43e0-b0c1-3a8059946604;834.5357636977141;PAB;834.7026708504536
51;643ea17f-456e-47da-9f31-a292203d2f1a;232.247859671504;JPY;33234.20422327288
52;082dfc94-b841-4e21-bb71-844d9e3af2c4;559.5195880592196;NGN;239032.53107065562
53;86027cea-71ed-418a-8dca-9c1d62b6bbeb;461.2481018534908;DJF;81992.93857940247
54;e806e2d1-6e70-4222-ad9b-f156278d1ee9;86.56806653001759;KMF;42588.701241026385
55;e51b585d-7e6b-41a8-9778-2971870bebc7;214.6016142946133;LRD;32934.69514418001
56;993fad37-33c2-4bd1-b973-4e2b1217968f;10.547062792503503;KMF;5188.815278489805
57;94a5c93c-799c-4de7-9212-d781fea17574;403.63798804162553;CLP;371505.134725809
58;2d0cc2da-d97f-4c6e-a23d-3b9a676a25a9;247.10311456770395;GGP;216.70943147587636
59;89c5cc96-1dc2-4bcd-a8ad-c11102b6b246;77.74839964771074;UYU;3152.37106243615
60;ddb1c9c1-3b72-4c00-8378-e1cddd9f6736;448.08554149579226;MGA;1835369.0424026526
61;c82c8a96-095e-4c50-b493-d9cd8207acac;322.66778962655275;BOB;2221.1805302312637
62;9d441437-dfc3-4ce2-b119-0edfd16d361a;415.5764776599586;PHP;23717.780733009156
63;62ab6a7a-05e5-4ac8-bb46-576bc910d56e;766.7710456552539;DJF;136303.67474302405
64;5425fe41-4a47-4cd8-bcb4-8a7b618aa85c;598.8161955239767;INR;47699.6621603752
65;b561d4d2-4e6d-4a70-955e-2eafc52be637;27.29294954232453;MYR;122.76095774642148
66;1470e880-ce4c-4b7b-a3e2-4aa599a163c6;137.93320538125175;CDF;277950.5401158526
67;7b3e47c8-a7cf-4ee5-a856-e842ab15a591;281.2749570902344;MAD;3030.990810108657
68;902337e5-8148-4bac-b409-ed23a86200a8;699.1756425486415;SCR;9127.318508086984
69;15fd1196-ae19-4cc2-b49a-3f0a321efa57;201.2739291879926;RSD;23608.78781717813
70;24aa759d-4b3b-4f74-961e-7256bcdd8214;381.8348196631891;XDR;294.58556337015034
71;679fa1b7-90bc-4222-968a-55cc6a225b22;113.34813070163364;CLP;104324.70137792491
72;59d63287-547a-4042-91f3-379e22fcb1c1;430.8802860026927;BOB;2966.093712785336
73;58d987b0-3ae1-402f-8f8c-9deffe9faabb;819.7637842076033;CVE;90391.25366565138
74;338e58f8-aa97-4603-add2-0ebe15cf6622;454.3110056967614;DJF;80759.77816787454
75;f100cd64-c5aa-4d7a-8d88-74027ffafd21;624.2574752601331;AOA;273333.94470128795
76;bfe721fb-414d-4621-bc85-287df32ef458;960.6252961079348;NPR;122595.19241435385
77;6646b46b-b0d6-4958-8720-2ca843cb02f9;39.339687730912345;PKR;9285.920854568112
78;a2e19ff2-7dca-4520-b130-50b46c2c7d49;994.4183764884868;JMD;150845.61069180447
79;8e6b26cd-6118-4765-aae8-727c47666a68;891.5523114246814;PYG;6184328.746764698
80;9722ea70-ab17-427b-9af2-63b25aa592c6;96.17032152102578;HKD;755.4178755476576
81;525c88de-0aaa-4bf8-aec8-a8454ef9e9bb;234.02746915971076;IRR;9813762.724379335
82;d547a1c7-82e1-4118-92aa-825aab30fade;994.0380932055753;EUR;994.0380932055753
83;e649c2b7-9e81-442b-8a36-47f0f89f1d98;478.9144819826095;GIP;420.00800069874856
84;7b3bc829-431a-407d-b116-973544468773;904.304490278253;JPY;129404.16394983746
85;24163c20-126c-49ae-af65-4ca43eef8639;916.1764636966944;BHD;344.57396799632676
86;2e061934-2a69-4969-bb0c-a393c87473f3;0.2369901334196011;MVR;3.6477521335945
87;d650ebf7-2769-4deb-8c56-f18b4097e6c5;626.7630395455318;XOF;411129.6031311684
88;0bde18b5-b3a3-4150-8322-301ec72be004;613.7126035375552;ETB;32476.382182739995
89;23a519db-ff96-4da5-be2d-383f46371d3a;417.70570445816446;SOS;235949.4630478538
90;b50d3460-d5f7-4342-8b1c-1cce0713b661;774.4873421785584;CHF;746.9930415312195
91;188f41e9-14e7-4577-a0cc-37f0b19a5d1b;4.6987160776391645;CUP;112.7959685449825
92;2d2fcc3b-51d0-4de8-bfdf-3ee491b2381f;508.0039860659804;TZS;1181371.092857823
93;ca4a5abc-65d0-457c-8967-44b62178ab3c;608.3829618535046;CVE;67083.34728877668
94;5ba51c40-bc4d-45b7-a315-fac26cf1a383;842.5849887937729;NIO;30223.776323529273
95;37811fba-fd93-40fd-ad0b-21bdc8d35fa6;201.52089993711408;BRL;1055.969515670478
96;13320ad8-f07a-4635-a654-5e78b29748c9;854.9850345469245;KRW;1179963.5637006587
97;07612660-60f4-4219-a021-4793dbe6bceb;51.8478788661193;CVE;5717.006363172645
98;f5318c32-968f-4e3c-b6ae-e8f8ad0708f5;157.06937548288212;GIP;137.74984229848764
99;35f7a3f7-51fe-4c61-a260-9175992016e5;561.157555040114;RUB;33660.5308972817
100;8ac25ff3-9bde-436e-bc11-83b73591fa29;456.8790269255825;HTG;53677.30054850322
101;cfbb9952-76c5-4f73-a0fe-6ef5a001ca76;717.546624885823;BAM;1403.3776889516926
102;c8d8735a-7b2b-4a8e-8efa-6d5f8d4a23d2;199.70692145555847;MWK;206324.70956529205
103;29fc030c-b6c3-4ffe-bf51-d8c09bc97509;374.2983684539466;AUD;557.0308319331633
104;3094f40a-7466-40ad-ad57-9546a200669c;667.7257438580634;EGP;12925.968494753164
105;7ec1ed42-1c59-4d19-a541-183a35f97747;708.472319453974;ETB;37490.86735363345
106;5e927909-d59e-46d7-96a9-35adaaabc0c4;400.8179741291098;FKP;351.5173633112293
107;4a346c31-f82f-43f2-bbd3-6313e5044322;597.6191419994453;MYR;2688.0311387993047
108;d93f5b5e-dfda-4d9b-ae01-b4cb5ba2f118;465.62408160400446;FJD;1039.8782614462232
109;8248b7a5-0045-439b-8140-a80d243f4597;264.3908383685924;BOB;1820.0136531617165
110;05b067f8-2031-4fc6-879a-d1266c11f5cc;547.6144495898744;UZS;5983659.2202800615
111;29e4c1e7-e75c-4a12-ba41-8989f196080e;73.55784484048489;AUD;109.46878469160961
112;0b1798a3-449a-4aaa-9024-98bdafef0522;484.928364192001;VUV;56891.31075864137
113;a18289ab-3e57-48c6-a4bf-0d2f120283b7;859.6083828577844;GIP;753.8765517662769
114;eeae285d-d677-4710-b132-53ec0cba6cf7;400.0187338698354;MVR;6157.088351724506
115;bb84c187-b266-4324-a869-28f5049fc2d1;914.2879488202904;LSL;16107.925082315875
116;24cc80a1-7013-4d00-a0c7-d653e311957d;920.1709689692576;KWD;275.77523940008655
117;0efcdf9b-e7e9-4c3a-b46c-7f0c1aa320d8;760.0286133027732;MUR;33630.658115757076
118;fe1fc36a-9f99-4dd5-a09d-15dafffbe2b8;478.3150469033934;NOK;4886.418687660376
119;5bb2ecbb-7c5e-4df3-b66c-c0242a2ccd95;865.0556161542958;TTD;5955.302378291018
120;a7f47667-2dbc-4eec-8bd1-75050eaff481;148.68325909392755;BGN;290.7947181359035
121;7c8da6a3-ca8b-4fef-95ba-b51ed17e6c59;793.4321563613934;MXN;15952.984965449084
122;c85e80d8-cf26-49ff-8356-48bd2c4c4dfe;241.66125283840532;KYD;201.42465424081084
123;372f1ae2-75f6-4ed6-ab1f-da7f1021f53d;896.8728515331527;HRK;6757.488499876539
124;c7199747-4665-4e6c-b1a6-3224a3722901;879.6804827997152;XPF;104974.0313734556
125;90760e36-972f-4912-8869-3c327d4e1204;787.5350082880418;MWK;813631.9496251869
126;099d27f5-717c-4fa5-b186-22a154da9bea;613.5004868846487;BOB;4223.214651616545
127;2e506626-108e-4adc-bb69-d804614f35c2;858.6065884206064;ILS;2968.6322794642465
128;d33af70f-9cd7-4546-96fd-683100f022e8;771.4894600206461;GNF;6633446.674344323
129;655c2949-22c9-40b9-85a8-6fdaccb6f2ac;535.2581793499554;CLP;492647.2926824462
130;81111134-0999-4b87-b833-e1e568617c90;319.7235826869633;XPF;38153.254569200704
131;223f2195-4291-4125-9c13-37e45783c69e;721.3031939505124;QAR;2626.1927988544207
132;0baf1574-6488-48a6-a46e-9ebbfb00ebb5;506.8405437642808;NZD;846.9305486301133
133;8e6bb523-4caa-4d38-8d78-8e306f819644;306.7401010643004;SGD;431.15388605598065
134;d5567cf6-62b3-4c8e-a168-5ee078fa8e9e;865.6864555607403;KRW;1194732.5787896945
135;0d5037ca-61b3-494f-ab41-2cf1c00ba49a;148.28898421221382;XOF;97271.19721689115
136;bc40e488-0dd0-456d-b267-4fbb847380e7;176.0322885904644;CLP;162018.69255712585
137;b40853e8-93d5-494d-a456-f0855a2f4f2e;697.7429886747664;AED;2563.0890945978867
138;50264a74-707e-474b-b4ce-fbff31ab29e3;113.1117075806194;KGS;9226.329697448236
139;e1249c78-8c4a-4fb6-acaf-2300198c6fe5;271.8992800160054;JPY;38908.24317173034
140;0c414cda-843b-4a2d-ad91-cff7a1355371;724.3773886757898;ILS;2504.534821346543
141;c29fdbd1-883d-4467-aea7-5d1e16ff9311;977.983096431748;WST;2670.285046497245
142;1e1ff567-bbf5-48de-b861-acc78c76330e;259.5304397860011;RSD;30442.09008949062
143;7787f45c-cea4-4b42-b6e3-d72afce4748c;532.1044811896779;CAD;705.9962256424647
144;a44fcbad-b758-4f08-8e3d-5a07f581ea58;213.6723495132345;ERN;3205.854463156765
145;4d29709d-d298-4934-a507-8f7740aa421e;770.0347253372877;XOF;505109.6683280712
146;f9f2ce41-5ddd-4feb-9bc8-314a5986ad8b;330.0871120357685;JMD;50071.6732250634
147;10cfc6d5-772b-464c-a8c0-1e5f699e542c;169.49509699507323;FJD;378.533400119097
148;9b3fb87c-a9c5-441d-b653-70aa7196944e;477.39163955607467;TZS;1110181.6096189008
149;1f34955b-d7ef-4f51-b45f-f05077b29732;341.9108728875404;DZD;47968.72782263037
150;29bde407-288d-46c6-b7f3-c44cd032e55c;17.95402269673907;KZT;8514.479815656143
151;ba45b9a5-70d7-4608-8230-f555484346c1;346.43454060979985;BND;486.8791033730127
152;f2ff705a-e591-4c2e-943c-05df35370ae2;779.4001586941379;THB;28808.344545684464
153;43587398-2165-4750-a6f3-c7e5ec01d697;394.9328754516991;GMD;21889.786514511146
154;0002f630-49db-4b34-98fb-ad3bd8d10121;48.58701673495036;MAD;523.5688336341516
155;84d8c16f-d763-49bb-91fd-accd920530a5;868.3270364549136;MNT;2795938.989088612
156;1791e9c0-ca8e-46b8-b89b-b6d9bd7b3c01;6.32783721067387;BTN;504.72474830009565
157;4786a85c-6c33-42b1-890f-b31464efae45;884.7943754547147;SDG;500501.5458840309
158;0a6f7d54-c825-4fd4-83e0-86c68ffd4124;650.6425882574729;CVE;71743.10499421025
159;89a288e2-eb92-4243-8a3e-5b55b91c9ad4;38.72817696403563;MOP;313.26835064438785
160;f0c2b0f4-1e2a-4574-8015-d020caef4c45;50.53520675841705;PKR;11928.562665207848
161;6545d15f-b444-4392-bbf0-6d8552a5df26;960.2985736846546;DKK;7164.211479116997
162;b996c528-f11b-4eda-a503-34d5956e61f3;533.0045855826479;EUR;533.0045855826479
163;6bc6ec04-d99a-42e9-b01f-9a9cd095d57a;261.27427094875964;WST;713.3832693984933
164;b2925f6b-1f5b-4865-9219-6c950796d1d5;477.96424125063487;THB;17666.60987795422
165;0caa5095-1118-49ed-abfc-d84fbe2c6401;61.434909884892974;HRK;462.8813285277261
166;e5dbdc9c-3103-438d-b7ac-e4e260095c99;767.6910978193392;IMP;673.2650927875605
167;5d692287-e4bd-4ecb-b483-4c77161d6363;189.2372364418136;BMD;189.27508388910195
168;ae0c8b2e-b7b9-40f1-b508-2433a8b14a8c;770.611816945908;XAF;505488.21560838696
169;f4ff66c9-5670-4099-92cf-d983c12310ba;581.3406074644105;XCD;1569.968444518387
170;c7e5f1b1-a937-4ed5-9933-f1b2b3860f9a;490.69885246263647;JPY;70218.02438969836
171;48899283-cb75-4105-a573-763d3c9e633b;26.4601874962187;BTN;2110.533351185894
172;b9fa324f-3a61-4cf8-a3b5-7346e570dc01;880.9644015370429;BOB;6064.382747300696
173;275c83c1-b83d-4aad-b35c-609075b85238;626.8283406635504;JPY;89697.88189227275
174;5058cc17-874f-4891-8346-cd6ebc5cbb8b;27.34049202779587;CHF;26.36990456080912
175;275d71d2-ce52-4356-8fc4-8190b38fb5a4;750.0529072765023;KHR;3061934.8329410255
176;f69a076b-ffbb-42de-ab44-e6acf7bf7432;697.1665341892559;HUF;282252.61209895276
177;e3478379-0cdd-460e-9221-5e380fd3a7ae;600.3768278524994;LSL;10577.438953105335
178;6bd70b2b-01e9-4505-8a06-bfd1ceb23499;622.879459201766;MXN;12523.801270548469
179;5292be7e-98a6-4374-b0d5-e35e669e67a6;177.76558985321;CDF;358217.16443942505
180;7263510c-89c1-4ab1-8d85-6203ecf3c0b9;665.7347518418003;IQD;965518.1064025462
181;c03867de-642e-436b-852f-260c512687e9;200.97272909202024;CZK;4930.463962814533
182;4121c608-452d-4a29-af6f-c686453eca06;283.6786591579054;TTD;1952.9289932407678
183;e6b2b8f7-d692-422d-9eba-45c7ccc709b0;379.3239974512137;RSD;44493.491064235524
184;05204642-d5e5-45aa-9a11-17ef96e1d3ce;404.6247690911357;CRC;254430.5230155976
185;2898f3b1-2dc5-4d56-8888-a624fda1235c;315.5430631244197;CZK;7741.217967631389
186;cccaa804-4667-449f-ad96-c49f56c245e1;514.8256911617375;MYR;2315.634476276379
187;e713e17b-e58e-47fb-84f8-08039e86ff62;241.51274577906744;NAD;4254.97155513561
188;64b34937-64a6-4740-8d2c-e6a399d46999;595.2404319547596;UZS;6504057.556583951
189;fb2fc7c9-752d-41c9-af69-fefd827fe5bf;251.64980510002653;MDL;4857.948497572952
190;5a1acaac-bd86-4172-844c-afd2b63487cb;826.0406719902321;HTG;97048.95782604921
191;77c7656c-1bcc-4b8e-b837-01f890199fce;11.35048062625854;TTD;78.14011377535167
192;d2047023-6655-404c-a9c4-c9bd8b38432f;346.84232837069874;SEK;3732.821190623971
193;290cf316-3044-4cb2-bba5-29095dcf266b;312.5891224737627;WST;853.4933400023616
194;a1142208-aa0e-476f-aec7-9cce864f1519;162.46326774785203;TZS;377810.83108195325
195;c7b2b08f-bd49-4a37-ad67-ffa2deb4e6bb;107.32123839076834;BTC;-1.0
196;7a8d7865-641a-4cbf-9f95-ae9aca529b35;267.0717870168631;LYD;1306.5953036225992
197;1fd380a5-626c-4106-961c-f9022e59804d;198.1619427605895;TWD;6145.417985085678
198;8f8e6fc7-8854-4f10-a34a-1c609698b6d0;477.7711955166489;CUP;11469.231988214018
199;3de3f271-c464-4c79-b0ff-d8b7c172c90a;31.833419517261703;BMD;31.839786201165154
200;650c1521-6a7d-4c5c-b1a4-f7fd348ea6df;386.4240571516667;UZS;4222368.263374534
201;e61f11e8-1b21-4a5f-a85b-ce1aeadd5fed;14.027055796665966;IDR;206232.09771933616
202;27d001bf-5445-40d6-bd96-3d63dde74af2;971.9677079440246;NIO;34864.773274264546
203;cee7139d-4fec-4a34-a957-b7e10391d40e;83.20031607654687;RWF;89226.01576807469
204;2e39ed90-23c3-41e7-adf3-08d1a0e65e14;863.9493867884266;BSD;864.1221766657843
205;4b452c75-a832-4274-8f2c-fe31b50227e2;729.2550213951729;AUD;1085.2773228402962
206;c6dbcd96-1d93-46e7-a348-8df338cb705d;20.89640467956788;FKP;18.32614690398103
207;87457c8c-5f75-4c16-8069-ffa18c75c470;433.5581420275017;WST;1183.7871509918905
208;eec33713-79a4-4f13-92df-a87fdab94b9a;847.3340845311643;ARS;120922.7930032171
209;242bbd21-715f-4b77-931d-0c3a91a53a76;941.9263012771136;BZD;1884.3235657048658
210;98ac8547-d91d-41b6-b4bb-2118b97c8af9;279.86733895410896;MVR;4307.718081181645
211;142714c6-e833-4db8-a92b-7500b8a2cef6;199.94684074696568;GTQ;1552.4672502957403
212;cd962a4f-6a41-406c-984d-5eec3523c7da;139.15605541309804;ZAR;2453.738725099158
213;64e35d74-8634-408d-a3da-de1209b8bcec;805.5191846563897;XCD;2175.385110083046
214;6830302e-28a6-49cd-8810-c1f869fcbb22;998.0120760132957;NIO;35798.99257021972
215;6f873fcc-34c2-4e90-b401-4491f81b8a6e;983.1039839740108;ZWL;593236.304947007
216;ba86fcc2-35b7-44fe-bba3-5cd38825fe5e;285.8703783961134;HUF;115736.5666122396
217;68712b74-4e0f-4081-a804-7c965f39bd99;552.3401329626042;IQD;801061.3803662632
218;9c2784a3-89f1-4cef-a8e9-13cfebde591b;992.5136139845584;KWD;297.4563301111722
219;eed761cf-bcbb-42d2-993e-7cae87d3e2a7;23.574502419273948;DZD;3307.4083914144576
220;a8b72bc5-18a1-4533-a2c5-fc18de0d2904;191.381800591643;SOS;108105.85683838144
221;9df19d36-80ec-47f7-ba8c-460e5c8878ab;309.5463854029722;NOK;3162.2949186382234
222;d7967bd0-77d4-43cb-b125-0d8b7aa46adf;864.6529790151152;IRR;36258560.61021282
223;8e7c04ce-f5a2-4466-aaa7-d961c49f8953;846.2918243909565;HKD;6647.622280590964
224;3f1638a1-5f60-4674-b618-319281e91318;463.6884802585956;UGX;1764014.7223325777
225;09cf4cf5-5aa9-42e2-b36d-b5ae725fd240;792.5422408531351;CVE;87389.67018767094
226;7bbf28cf-ad2e-46ba-a1d0-7e7d50cac6cc;356.47969076152253;WST;973.3321476552611
227;79f9a523-1ae4-4519-b0e5-4787ee9804fd;226.98257669469805;MXN;4563.7797817966075
228;22f276dc-47fd-42c2-b4fb-fece768bbc3b;414.8778120695198;CVE;45746.5019478456
229;53f4d3e3-2555-4c74-94c6-2efbec6e16f5;917.6136138467356;RSD;107633.14054065778
230;65bfbe18-9dec-4a6e-9d95-bbf46b161986;344.0368377874582;RWF;368953.36172737705
231;b939ed5f-69cf-47b5-b183-0ccb0314decf;628.1876481464656;ZMW;9802.742611795966
232;c1d1ed42-2b10-47c9-b2ee-33f9ab4cf19f;20.655681748119605;BIF;41875.4908204621
233;86aa0892-668b-4b2c-8b4c-3c9487571d11;914.8222971965585;IQD;1326770.8943245062
234;70ce631c-d47a-492c-81ff-f054d2f8ced8;331.82150230471785;NPR;42347.126488428556
235;53d06415-ffe1-4e48-8f2d-97420ff23e5b;814.4258681325296;ZMW;12708.952787034497
236;df65b770-3aea-49ea-a5d4-5037179a5613;153.28558743091403;BSD;153.31624454840022
237;17a60dc7-d670-40ed-89a5-f06b28ee3f1b;221.25197748486224;AED;812.747014092893
238;fdc53090-6e39-4f00-96b9-19dd454ad748;387.3402225044746;IQD;561761.2677292407
239;7fded088-aab0-4b0c-ae4b-e031042534b8;222.80770473923096;HKD;1750.1545207266593
240;1f082aa8-8ad9-4861-a4c6-d3f8d04adbeb;499.5155389017389;MVR;7688.543174775566
241;9842a8c8-c23a-4eeb-a60f-1fa2f81dd988;984.6709163682286;GIP;863.5563936549365
242;7faccb5d-557a-4ebb-b56d-57458a6e202f;666.8326654995986;CVE;73528.30386131325
243;b27e3476-a970-44f0-aeee-6cf40d514050;30.26657357131213;BOB;208.34903915019842
244;a6dd37f1-4756-47fa-8fc9-9c4fe4a96d1a;105.4418936407009;VUV;12370.337520033389
245;9200a2ee-a7c4-4141-b9a2-f4dd91edcd80;613.8061819641786;ILS;2122.2348741411474
246;edeeca3a-8312-4e60-b4e9-21da5c2a6fde;300.49438960347175;XDR;231.83142157907844
247;c798928a-8bfe-4a5a-847e-706d0b8bfec0;108.71241941853636;VND;2559445.690526457
248;5905362f-2563-4b30-8f01-e0d3940ee7a0;20.319614404666787;KGS;1657.4364036441818
249;2df54c8d-7196-4435-8a49-e492dfff996a;330.9953927496049;AED;1215.8784757263986
250;80091361-c33a-4d63-b7de-2181cb918a74;417.6602065774041;DZD;58596.05634198348
251;d2415275-a975-48a5-93f0-9875956f92de;797.4731829524886;CNY;5588.054087584678
252;37cb4463-c8cd-495f-9b8f-77265cfad3a3;513.6772407349248;GBP;450.44357240045554
253;2cd7b59a-7e8f-48c5-8f31-fb8fcc5f5477;117.40973808541256;NOK;1199.446143306766
254;616c41a0-ceba-45fc-a2ed-a507172cc499;128.74868624307646;SHP;112.91259783517806
255;62d64fde-7981-4d85-b60c-3c207d9945dd;140.9460706329584;XDR;108.7398934933274
256;8f40c9a6-06b6-4fe9-91ef-9bccf4a84602;424.17776449742985;BMD;424.2626000503293
257;f71030ec-74aa-4fc7-9d9c-1552ee2cd030;934.0102760493836;KWD;279.9228797320003
258;c6a3a684-e610-46a2-9b48-24cb2f317256;625.091606043468;AWG;1119.164011460225
259;e791f2bf-24b4-48ce-aeb9-354476073e4e;107.5384678821002;BHD;40.44521777045789
260;2f8109fa-f655-43ac-b11c-5701e942481d;157.4576336897505;AFN;13821.284678492182
261;818e3436-3e38-4c4f-ab54-77dc84797d4f;903.0854931156598;DJF;160535.36712981766
262;e20f0b34-b491-4eaf-ba6b-02b181cca8a7;78.3153280029415;AED;287.6835258860053
263;52ee33a4-d5b7-4867-a21d-ae037822ffe9;3.837765043233188;TZS;8924.781709620445
264;fbefd192-65c9-40f4-8cff-4f052599284a;533.7437550408592;AUD;794.3174562518067
265;2cfbb1ae-63b1-43f7-b756-75ff63138be4;199.74193108114068;PLN;939.7058889643345
266;0ee54486-6652-411f-8647-caca6634aaa2;288.1039618655507;CRC;181161.52865522564
267;a0313e50-7e63-4d1d-b03b-619c779e047f;771.9898851398751;VND;18175165.22233123
268;abc1e26a-14fe-47a4-884b-fd16018c9248;901.4432323218743;CLP;829681.0493388713
269;b35c9a1d-ac25-419e-84e6-01bfa1a22384;343.7274688044033;VND;8092468.123260188
270;00f4b083-fe04-4297-8a49-ac5054bac248;760.9434632119576;INR;60614.16907168962
271;65d85a3f-4da1-48ad-bdcf-9d040a278b5c;746.8576722492999;MDL;14417.639248169386
272;228af835-1c28-4ceb-950b-ea7dd061254b;794.4569605642732;SDG;449400.38943669637
273;8f0f606b-785b-48b7-996b-9f72b4878639;815.7314820660808;SYP;2042714.7249741103
274;66a7659c-13cf-4fb8-8065-1619e169d778;851.9380184083745;TZS;1981194.9816541588
275;997dacdf-1174-4832-86e8-4b9ab7d6a1ea;353.4685359075344;GTQ;2744.47110020046
276;73c59b3e-81ac-433b-bd20-1e1923d73c65;369.3826822518876;TND;1160.1201901485033
277;88e15551-fc85-4a81-8298-d719f8e558fa;88.49802159252596;KRW;122135.9868528127
278;d31c5b68-5be1-444a-8244-d4abca732960;361.3829723457955;KES;43470.938434961914
279;303c08ab-6359-4744-95c5-7d98879f80ac;186.943812767306;SCR;2440.4393093895196
280;b224fa79-867a-4d29-b856-8928818244f6;758.2939510872204;WST;2070.4458040485465
281;98673200-97dc-4c4d-9b23-2595e1dcc2b5;434.5179140178436;NGN;185630.5284029372
282;ae607d57-bdc0-4477-8ba2-569b19b9190d;937.9413001450704;RUB;56261.564742031915
283;a579e996-a33f-491e-8f12-aec8bd8a1c00;700.1663966078272;ALL;81361.8558848573
284;cc46a8b0-39cd-4441-9eba-3a077c3c1dbc;798.3332273822465;SZL;14065.034800020418
285;683bd48a-83db-4ebc-94f0-283f542ef402;637.020102549626;LBP;960535.9851942945
286;4fe46c14-71c7-4c8d-9d51-5a890c174149;621.943482654739;KWD;186.39646175162528
287;2d771284-b1ad-44a0-9700-7e35e14e4201;118.9296373398181;GIP;104.30129194702047
288;bf7165b4-4d74-44c0-a04c-f6aa0f683545;335.229950641082;CVE;36964.1305074389
289;bd5793e5-c11b-4bf8-9ea0-82165c3586cd;894.9954712220697;GGP;784.9110282617551
290;aff1d706-c405-4fc6-820e-8ffc45386ba2;925.4674651001296;DZD;129839.38348368778
291;a94e2c0d-bf38-43e6-8ab9-9431024efacf;188.32028798465996;MUR;8333.022087090816
292;b8654ff2-7b0d-48f2-a726-34c1bd53f914;729.7925250735394;PYG;5062268.174454248
293;7270c104-06a8-4c8d-a34d-4d565795172c;256.33835967195773;GHS;2658.305691306103
294;6416ad86-c88d-4765-a072-4ec133ff327c;238.78623132666357;SBD;1912.9164991579016
295;b2d11acf-7e97-48c8-881d-27d0836f9ba3;632.3551965092615;GHS;6557.713094359995
296;d3354a9f-d805-4bf0-9708-4a448a622626;785.6904699099128;QAR;2860.6204318950017
297;4d63204f-ca9b-4e10-bdd7-498c1b7f57e0;973.5088650740493;CVE;107343.95500739005
298;d0ee271d-58b3-4033-95f8-188501383f0b;305.1530776717064;NAD;5376.186922420123
299;dc16e7f3-cc8b-4525-9e9d-5d0481f735dd;10.215053771292949;CHF;9.85241936241205
300;0b0c63af-cade-414f-af0c-cc6f60886fe3;6.2830435036908;LSL;110.6946604480245
301;e69962bc-ae24-4df6-b3e1-b840b6b58424;933.1149617980274;SYP;2336660.671389996
302;7fce64b1-db51-468f-bb81-e0992cf577c4;628.1784258117157;NAD;11067.247505950805
303;9c7cd147-e9de-4a4b-8896-128315903653;520.2702003025919;SDG;294301.1921781471
304;b048209d-d7d3-4941-be19-b6c2b41bcae8;516.7927646821983;HNL;12670.31157026639
305;5f602f2e-bfcb-4b50-992a-4eb8c174733d;488.119910261925;IDR;7176558.965126367
306;70bb3796-143d-4ce7-aa68-1660aec40fdb;555.996818391464;HUF;225099.09270414928
307;c1c705d5-a7af-4a8e-a304-988a42eab5b0;887.6313431373774;USD;887.9863956746323
308;0be2c721-7651-4c7f-893b-29dee012cb1c;893.4946454894443;NOK;9127.851948855614
309;3ae47227-1b67-46bd-aaf9-9c0a5dda1797;299.5160886666983;RSD;35132.27874911998
310;5db6edea-d0c3-4fdd-a505-5d1fb90e0742;206.00038290419675;XOF;135127.3931686882
311;02421569-82a9-4adc-a0a1-30df3e9a9328;328.0595714732616;NAD;5779.753530215922
312;df555742-658a-4345-bd33-4c5c45ddb869;425.5996507153349;BBD;851.4121012560275
313;d88c106a-1c6c-48ff-93b1-0127684b4311;400.5016776394676;BOB;2756.973448534567
314;f6dc6c49-9d25-4ca5-b92b-3021233f3e0e;676.3089617671135;DZD;94883.44210007894
315;305537e3-782f-47ba-8fb9-2f0b8419e2d2;863.7381271431987;AUD;1285.4150808145082
316;561009c5-63ae-48f8-995d-7b5ff953918c;411.44917951935;THB;15208.06686323012
317;021feecf-b2ae-4419-8416-c6bfccfc29cf;849.4622518004063;WST;2319.3717323158294
318;2f30f09b-52c2-4370-9619-ea814de5a38a;48.53011025129772;SOS;27413.208230661567
319;48cf80e1-a90e-4bc1-9775-a5434a7ed905;792.4546954766452;GEL;2233.69205014002
320;00cd5785-9cc7-4bdf-9b23-5be8ab4f2270;422.0117919278804;BDT;43483.33541902332
321;e79d2f9f-36f3-43ab-ad59-ea6d12dd3a4d;256.8716597061673;CVE;28323.953557500536
322;e8481552-c1cf-4462-a867-a58ef36b3139;858.4181009853878;BZD;1717.2654110212684
323;fca7d303-3d3e-4c1f-ab67-3e6cc50bb193;159.7730424778717;LKR;57267.32379690957
324;420c3aa4-4183-4989-a8c9-3feb0376d6cd;615.2516375130116;AUD;915.6174869468638
325;ffe797fa-79f3-44ff-a884-403a6ef9baf3;50.28035886979232;ETB;2660.731002635783
326;cf6cfcc8-8afc-404d-b3c2-7711b88a2c3b;870.3266135783985;AED;3197.0577823188887
327;f93b995c-3f1e-444b-ba83-079cc72bfe20;120.78927866036815;MXN;2428.6254735289604
328;f04e807f-0676-4cc3-ba5d-a70b18c1229e;949.440525959336;UYU;38495.825677442044
329;f2be5658-4704-4345-9372-7f9d1e339383;289.0537769223708;KGS;23577.625192137017
330;9d62913e-ee25-44f7-b5ae-c1a7702ae992;177.7635574022789;HNL;4358.264689543153
331;312dfcaf-97bd-4ce5-abf3-cd64a634be40;416.846235970154;DZD;58481.859521668724
332;82b0f4b9-35c2-40c9-8ae7-b808b6b4c9a6;482.1624679377804;BIF;977493.2750374094
333;ec852a51-0a46-4185-aa96-a78430a35e7a;142.4883711988122;CAD;189.053570906584
334;f84a983b-f7a6-48bc-89fb-7d293533cd7d;500.48762364374;BAM;978.8536943224267
335;42b99499-d556-4c43-b1fc-85cc9995ec73;135.69349180102208;LSL;2390.6479385504067
336;7fd3befd-d8dd-4ed1-a66c-8b56c6ba4909;432.39527682519673;SLL;6207435.33192401
337;b8d25498-b65d-4419-a24d-9d49574c645c;728.2787646720298;ZMW;11364.644466954089
338;4b7f0b4c-d76d-4a56-9e58-48e1c07110e7;93.47503157870784;HTG;10982.09168758449
339;68c7ed3f-9420-411d-b6af-0c4ff6429d5e;137.7069015106578;AZN;233.49582220147136
340;e46a1cc6-74b7-45f9-a542-7808a84dc4a4;404.88038459772434;AMD;168646.3651419516
341;bbd15b57-8102-436b-93c3-1e1bc8ae6a20;850.1276190829179;BOB;5852.10850424299
342;97a9d31b-6989-40ac-9c1a-da1365de9169;531.1574460404553;SDG;300459.77938595973
343;9926fdf9-c4e5-4f07-9495-8472cf7af554;948.3065421435116;HNL;23249.821155040903
344;c07cec3b-4dfd-4bcf-890d-f9ce9828a020;376.41126636825015;ZAR;6637.259859871355
345;777a2557-b4c8-49d9-baa6-1d7bf0692777;294.4956625429096;THB;10885.207578043533
346;d130759d-b9da-4b52-909c-b4e3c850a875;67.05287273390215;IDR;985841.5623688579
347;8f5ade46-4b2c-4790-94ff-7289837ea1f5;380.3476135820032;MXN;7647.383222963831
348;18da8698-1f37-4633-a926-0bd2770ceb70;926.9336863106236;DZD;130045.08845463523
349;7173ab58-e4fb-4c83-bdd8-a41b57e0a108;894.6625570506781;INR;71265.77744196304
350;688f964a-57ca-419a-9695-ef2a5e2bb644;99.46672659316611;AED;365.3810734673364
351;022e8ba0-5950-4afd-9808-3f2f8ac0b10f;548.166560539577;GBP;480.68725693715504
352;af6cbb31-691e-4684-8d4d-959414346630;730.6765148037707;ARS;104274.62622469167
353;f785b27c-ba8d-4783-b94a-b79a5115140b;58.96171275666862;SHP;51.70942208759838
354;cf72dc66-d5c0-491e-b1c7-c0c345c93d62;608.4922923954857;CVE;67095.40262098823
355;37e882ce-1106-4711-9336-44e7f2ca2ae8;985.2835504260884;KES;118520.25092252938
356;f6e33126-5342-45e1-aa16-c6c496fb3a74;714.9225605717912;MUR;31634.751367253306
357;867e3a27-4fa9-43dd-bf30-f3d5ce6bdf19;346.963500317211;SDG;196266.80852808672
358;6fae06a1-653e-41aa-9c94-3f4973e4bbe8;799.7202553932963;GTQ;6209.34795097571
359;83ad5c35-17fd-4f77-b3e6-f8033efe9e8c;571.2837871397585;SRD;15334.28515764797
360;b1523dce-04a7-41b6-8377-b9a6afc88f28;443.14435928125073;EGP;8578.477135838308
361;5638b86a-91b7-4d3c-95a4-54bc45e8e928;518.7648697239057;CVE;57201.60836010646
362;981cce88-83ee-4090-a8ef-d8bf704c8c3e;544.9856114655304;DKK;4065.8106557774427
363;efb213e2-c016-479b-8a57-04f4288ea34d;49.013194844736205;THB;1811.6355104901088
364;defd1efa-dd65-4e75-a8e7-6ad0f4d3e96c;178.70415849424225;TRY;3256.561621072275
365;86081ce5-3c21-4173-8a54-c75a8a04a4c2;400.2016744881232;ANG;716.5210780035358
366;1bfb0848-671d-4555-b605-855e2ccd804d;386.2799828469152;RUB;23170.657119087642
367;c1e44118-5147-4f65-bfcb-d2ac76cc9f21;356.10219315514024;SAR;1335.7037163056157
368;b475301f-c79f-4e22-9022-892b39f31c6c;395.29223439506046;GHS;4099.2990583470955
369;7e4edb76-744a-4e7b-a8ef-a45cc4ef60d1;669.5274642889175;BMD;669.6613697817753
370;cd0f6aba-97ba-4b9b-81af-81f58dbf87c6;655.9529659408688;MUR;29025.393980510693
371;88d251c6-8892-47e0-af0a-f5e06d9aae60;641.8334528991737;SOS;362552.52672250156
372;04f9fae1-2e9f-4c46-8c03-edf7793df282;384.49659953155145;JEP;337.20351778917063
373;d9c87993-6889-4cbf-a0df-abd76e8b5650;819.8941451879504;INR;65309.97996557848
374;a73022f8-b5cc-461e-958f-b9ee17ffb1e3;742.1059169363516;MZN;47271.99848766221
375;b79665be-f901-434e-9d85-37e85423c4e0;160.7608941506228;DJF;28577.37097907599
376;4b58131f-de96-488e-82fb-42d90596b4fb;669.544385145029;RSD;78535.41383547944
377;40358d1a-affb-4cbf-80b7-70c9e2c71713;254.4715781121587;PHP;14523.201906017122
378;726b4ae4-7669-451a-8119-2eeeb670f4c2;844.3625431870767;RSD;99041.0243557059
379;0fe0e60f-a74e-453f-ba36-d0c6e9d7fb19;299.7319784700536;LSL;5280.677996685404
380;618b40e9-9c69-4ab8-a43a-fef36cf5c0fe;935.4099683753308;IQD;1356629.2864795998
381;d1950467-f9f8-4a6f-839e-33fd015126d0;101.84560347046023;JPY;14573.90216541592
382;07fc785f-024e-4523-b1ac-7b6c62502580;990.0581403194188;CHF;954.9110763380795
383;22c49213-c544-4d24-9723-cc459429ec41;809.1083650326939;PKR;190985.6603807962
384;ca72f0c7-9748-4c31-9f10-0ac5e2bfd0e7;562.5931567111501;RSD;65990.37698411643
385;665fec6d-5a25-46ae-96e3-85bfd9771a0f;635.6464136660632;GEL;1791.6965462005323
386;ca0325f5-1fbb-49df-872c-b3af94c3ea81;472.339939282213;ALL;54887.60136837456
387;71be498b-2f7a-43e5-a09f-3474c1c20141;16.380186215716797;GIP;14.365423311183632
388;16bfac9a-376c-4757-b4cb-06ed80b25fa0;189.24391833508537;HNL;4639.7309946049545
389;7422e8ad-9a5c-4b27-8b80-17c21f71b9e9;541.7145990735439;WST;1479.0975413104043
390;49d8eb21-e576-4872-9c87-a18b6ce28ad5;831.9784326664901;UZS;9090840.140225269
391;5157dfb3-68d9-49c6-a60a-a52687efb369;660.2508823997629;AED;2425.365591407289
392;d322d245-08ec-46d5-a687-6cb4ce5ee002;599.6031564162773;ZAR;10572.802457088217
393;be929a97-4e68-4881-9f1c-be64cbd0aa7c;455.780713485515;XDR;351.63482045407477
394;96d27ca7-198d-401e-85db-649c64150adc;131.16402026792963;MGA;537250.9487211221
395;bf0bcc11-1027-487e-8514-0e223758d91b;686.0288481658268;LBP;1034434.224143397
396;7703e533-0339-48b4-9ed4-f6c6eb99d7aa;2.1296408346058726;JEP;1.8676950119493503
397;cfd59dca-69c2-4c5f-b2c9-63b489c43e05;740.906647448607;RON;3633.1098364289896
398;548cc127-6772-4b04-96a7-0def650fc3dd;412.53827831167735;KWD;123.63772201000971
399;294c7a9f-e047-4568-8c50-ab9d53ff8d71;202.04471892467868;XAF;132532.64769167546
400;8c2ba073-5f1a-49a4-a01c-cc26dc1d2f08;36.68265325654141;RSD;4302.757842501886
401;65ba6e80-459c-4cd8-bc8d-3af68d440889;840.9659928785372;CDF;1694638.7296196714
402;5ae32240-b287-477f-885a-fe4ea303496f;450.77978577623577;MDL;8702.033296538766
403;7b1af891-1487-414a-b262-068a83a618ba;94.21090658058615;GYD;19584.90241923594
404;42a3e1dc-0fbc-4a8b-bf45-47b9dd96b982;747.317731703099;IQD;1083838.269218797
405;00bed12e-7af5-4ad5-9a61-25208393db03;651.1945753601996;CAD;864.0049625879128
406;e79110e6-ee4d-40d8-aa49-126c39add8d0;254.2143383294708;KWD;76.1880371973424
407;ad64aeac-4849-4d54-84b2-0aa8568e200e;68.69811470747022;SDG;38860.45567676321
408;f463661a-4c54-49e9-abb8-e080cd6da476;431.65908814423705;BDT;44477.375456023525
409;5036ac2e-a9a3-4c12-9436-5f609052dbf1;520.7677338756484;FJD;1163.0305800644855
410;a3743d8a-51a9-4648-a3a2-8d4a48971e27;686.2055794530404;BRL;3595.717236333932
411;0b36777f-8dc3-47c0-8792-b5dc8291f51c;555.8093189808557;MWK;574227.4502885838
412;549c4077-bbd7-4ddc-bf6e-7b891c91a345;118.0763684932664;DZD;16565.642194131302
413;f18b4c4a-f4a9-44c2-b24b-d894e503334a;913.6245624178608;WST;2494.560505225727
414;95a4306a-ef31-4d83-bee7-eef73c9f6268;689.9165546614587;XPF;82329.12230086119
415;3b18a2df-8b9b-47d7-b15b-47534e4860fd;121.0669209580999;QAR;440.7925525163459
416;1a18b2ec-edd1-4517-841e-22599b402380;649.9131797403737;SLL;9330106.61962991
417;0cdda57a-356d-4e95-8c6b-56cb88909f59;272.5415380092655;KMF;134081.66086303472
418;d317a807-fd55-4361-8e2d-f7dca732b107;204.64105359874395;GIP;179.47020400609844
419;593a15ea-1e95-4038-a1ea-22c0956befc5;270.05121425898784;MMK;742618.8840484973
420;210a59fd-672d-47c8-a113-567abad15cc3;408.0241446762957;MWK;421545.04477050644
421;17d8e562-3994-4b18-880d-22529672e1af;669.4432192765323;HRK;5043.919935639033
422;76f90e50-42ab-4951-a2de-371ce9be83c9;764.8600310367664;HRK;5762.837903846516
423;39093aba-4127-4be2-a979-098f85163ee2;193.3359867930697;JPY;27665.99303811469
424;ecf25384-b558-4cd5-8e2f-85c073d1076e;953.0999677347124;CVE;105093.56794226807
425;9405f193-c73a-47e5-811b-5c6e13d0bc5b;30.708287299852422;MGA;125781.87563743326
426;87423958-39da-4424-8a77-aabfc5836417;104.5268450594543;NGN;44654.94483590299
427;45579459-0041-43e1-88b8-58411811fd7f;481.7102775684783;KRW;664807.6315068406
428;6ea183d7-f61e-4365-a634-a287e0a0e4c9;332.23702857223293;KZT;157559.4239560386
429;819741d4-3ae0-47ea-b543-d8653ff09843;2.857929127700109;BOB;19.67341252926201
430;2227fd95-154b-46f7-aac3-1634a402cc99;5.591990958877302;MWK;5777.295559277099
431;7c4bfecc-e7bc-42a3-bde5-e1a8d8c0a362;836.3172880952925;GNF;7190851.490393553
432;44d2080f-d586-469d-947a-e4541a460619;479.2546852510792;HKD;3764.5455526472274
433;79d8d0b2-e948-42ea-8367-46209e087ccb;43.27996360917763;BRL;226.7870093120908
434;9cdf6426-db73-42bf-840c-e7e91aa2e50d;45.04988054139003;NAD;793.6887953782095
435;ffbf3d15-d048-47a5-9266-d46b99603839;286.6917503489488;GEL;808.0980367085821
436;c4c43dfc-d757-4f01-bd84-9d62444c7ab3;319.83852992343;PYG;2218587.2770243273
437;8d862755-4832-4e77-8628-1023cf7468a7;569.769626570824;RSD;66832.15393395264
438;839033b8-e1f3-4d51-9084-f2efcfc32e57;57.135716000102256;RUB;3427.234502121734
439;d44c17cc-4333-4dc0-9e7f-10adedaf9067;877.5171199445333;BGN;1716.2479831875182
440;be3f153e-ba59-4692-aa31-8f0b66e5d16b;24.97157936554362;BND;35.095057640335
441;5c583f55-d5c5-4996-9e3f-aad4739dcd92;714.0078316841938;ARS;101895.84345730179
442;38757f8f-769c-449f-8c10-a21bbf448ab4;297.27521769526624;BMD;297.3346727388053
443;96b3c2c2-1a1a-452d-b75e-d4d534bad748;419.9671917057599;RSD;49260.80769207218
444;98f5c797-058b-4a2f-b492-7196e68dfc7b;950.1983022365496;XDR;733.0779901754979
445;62f52b86-ee07-4d34-b1ca-66cb6b8591a6;809.3945094698727;SLL;11619609.058726458
446;ddec65c5-6e6f-4823-9461-4b02cbdd3410;820.4307121926606;UGX;3121172.762701661
447;d9328868-2bb7-4609-8c94-5d23f2a13a6d;67.01166061813235;BGN;131.06140583694327
448;b7bfc5a4-5b8d-4912-bb1d-4538ec941238;331.72341849105936;SEK;3570.106946826328
449;d8636325-ab7d-4564-88df-22a9cf83ff5e;942.0001259483864;RON;4619.191817600507
450;05ad330d-2959-484d-8fb7-150bec215b8b;4.847345979195117;IQD;7030.127686683584
451;851733eb-d419-4329-9517-b65520e45a71;371.3455427068125;NGN;158642.6407034402
452;4429a2c2-47c3-413e-9db5-6215b11cb7ca;223.38627056139416;SEK;2404.150059662892
453;08b6712c-cf8b-424e-9dbd-91a7e4f72e1b;286.17744893683005;ANG;512.3721045765005
454;7a95cd0b-327e-462a-a965-22fa83bf1e2b;196.10479777314228;HKD;1540.4031865080326
455;004f6773-754a-4a8b-bb5f-c50a35878f1f;513.9786645913043;CVE;56673.85745116017
456;376e9260-93e6-4fbf-8385-0783f642448f;105.24008882722735;PAB;105.26113684499279
457;600e693a-0180-4df6-8106-de5406a5673b;999.9873554548786;BZD;2000.474704587485
458;64aeead7-f4d5-4e9e-bb9d-ae28d9934251;945.1747600550494;TMT;3308.678765048706
459;47ef03ed-3ae5-461b-aafb-47076d8d112a;461.1032481547109;XPF;55024.37280879796
460;64622274-d40b-4bd8-8078-3e3d968317c1;244.90888783596972;PEN;948.9974494755991
461;93a8894a-1051-41be-9adc-3ef4fffd0bf5;290.26564198567115;LKR;104039.68184441052
462;d30ae609-c472-4eb5-806c-6536e101899d;730.3299022703139;HKD;5736.741382333316
463;b54ffe7f-6b96-4888-85d9-7ab759c2fc55;938.513019577858;TWD;29105.25961445049
464;6eddf1dc-7036-40e6-a290-dfa879c705fc;298.4015140381161;CDF;601311.7854328939
465;f8f0271f-36c8-4238-850a-f267c4b91b13;654.8673610113904;MAD;7056.7851955226415
466;53e29dc2-3858-407e-b197-3fb62a072251;66.39047235304018;INR;5288.43930003718
467;c593b545-ef43-4176-b673-424346415bed;440.6208448906819;CVE;48585.05746187104
468;65bb8fd9-0751-46db-854c-046dcf8014ed;813.4146505623015;PHP;46423.20093689168
469;749a10f6-5b50-4621-ba7f-1738a4e9792d;188.74744163584376;TTD;1299.394012453639
470;57c52706-c192-4cdb-9f3b-eb3f8e07356b;823.5580238912564;TRY;15007.862580975143
471;89e8d0b5-2752-456d-9fff-72f8bf0015cc;83.6913612224146;MNT;269479.0442630627
472;65d26167-53bf-4ab5-9e4b-02309b9bb614;931.6132603620564;BOB;6413.039361680324
473;4f9effc3-00da-45d7-9ab7-e9f636faba73;982.2289088160696;SRD;26364.791924659177
474;3cf9f6fd-7195-4491-8968-c7d1acac834c;710.239942754759;EUR;710.239942754759
475;0c91af8b-a72b-4df0-b473-837058f456b4;348.0582847235207;FJD;777.3185672730388
476;9e1c101a-1fc2-4b32-ae0c-f9bc083508ac;547.0479140406936;BDT;56366.8323765078
477;435e3622-81ac-47ff-a54c-553f88be2974;9.607902177468208;NGN;4104.594771606847
478;7927e037-5995-404f-a188-0e1afc24396a;596.3547310020905;ARS;85105.60475488903
479;87883659-32e4-4ae5-9b02-b7bf563f6379;779.9018454184171;WST;2129.443998730446
480;d8f3ed35-7542-4816-ba9b-8e3b094b03e5;148.6149548547482;TJS;1520.2566806866466
481;bc57a40c-d39c-4c8f-a88c-b78ba4185357;737.1758803161847;BOB;5074.571324920552
482;e39cccb4-e3b2-4e83-9524-1dd5ba2add42;424.55855279794366;FKP;372.3378508037966
483;356bc337-5d66-4c5f-ae7d-63594045c07f;517.5657915256161;MKD;31827.70834986776
484;8039770e-a14d-4c9c-984d-c62d0f5b7cbd;668.7529025319269;SEK;7197.3193629193565
485;3f103bc0-dafa-434a-9318-2cb0ea483080;782.4680886959327;BGN;1530.3510878715051
486;45e8f72d-a0b0-4477-ae0a-a2be14288cbf;965.6717926457916;GBP;846.7975949710947
487;5181c5db-043d-4c92-b322-91824ff598f1;405.249492197053;TND;1272.7670801432841
488;34af3d13-9200-4d4e-b231-420b6c13af24;560.215108485374;NOK;5723.101526775732
489;fc142986-3d72-4147-bd23-c9aefd54289c;986.5278412904588;GIP;865.1849168117324
490;1cfb2dcd-4a1e-49a3-b3b4-1ca2bb72a3fd;169.34450898015407;ZWL;102187.87880846145
491;1c9505a1-ffbf-44d9-a7db-e589077f3827;72.59508447332519;KYD;60.508002908516545
492;8b48f004-9ed9-4ff9-ab11-2b51a89c825a;209.03671163193792;CAD;277.3499089932552
493;c830fac6-8994-4db3-86e0-184dfb16fc3d;560.2499417112751;SZL;9870.483473069246
494;5a429adb-8b0b-43a6-a2ff-6a16078f3dda;57.79895786766143;RON;283.4229697998646
495;93642937-8d57-4926-8e15-485b7bbebca1;383.2721382218538;AOA;167817.4304450607
496;afdd1b47-2efe-427a-b9c6-62b293cfb663;987.812096111206;NAD;17403.273509287224
497;e4dc41c7-6b73-4a77-bcf8-3ee543716d3e;190.0466686095397;PGK;666.5696854810996
498;9c6f0f79-be2f-4c68-bd51-7a852d4f0309;398.17824544795445;MDL;7686.592121425492
499;962565dd-7330-4c7f-8f1b-5953414cfc2e;470.5184956279288;SEP;-1.0
500;e3123d64-6503-4bd4-b65a-20f1628c5793;607.8432379256495;ISK;84063.68647161286
501;dc4634c3-6473-4407-9807-ca8218f33849;881.2828524626506;BAM;1723.613002846452
502;58e71757-7a36-4174-bf98-424888aeb63d;791.4658392707398;MKD;48671.19178595414
503;86fd1f02-bd28-47e6-ab20-9ca36fdbf299;18.479835590747506;JEP;16.206815813085562
504;bb0c5806-6307-40a5-9c22-f4a9ddcbc362;725.517872071073;RSD;85100.92473674624
505;81a3cded-e67e-4284-bbd9-48613955dfa8;150.56943873946904;JPY;21546.185544740543
506;3be47428-909e-4ff2-ab4a-583da835c392;846.4752577023964;ETB;44793.69303956965
507;144ce3bc-419e-43cf-8d31-a3c8d007da4f;274.19085965681654;GEL;772.8617761146688
508;ba577082-c03c-442d-8286-35c9bd34ab07;404.9223767974086;NIO;14524.687132436087
509;2598bf7b-ba9b-43b5-bf86-c09f83d78aba;857.3511635749122;CDF;1727656.6460260923
510;9752183c-e13e-4ad3-9a51-38ba4bece222;541.8600141177949;NGN;231488.1791892674
511;4bc402d2-c42c-49c6-b3cd-e2f706e6b9bf;732.8870476621337;XDR;565.4223572713361
512;44b2e595-a580-4ddd-a8be-b8d3db14b11f;579.9141304520414;GMD;32142.668542913118
513;a005daa9-6785-46be-80d1-dd3efa408632;522.9052980412475;GEL;1473.9131635888646
514;0c54bae2-6bbc-4391-97f2-adce586e2644;693.0998286235997;YER;172823.54123751738
515;952156f7-b7f2-4e60-bbc9-428721b8f178;211.05754065516192;SBD;1690.781958188502
516;e51c9ed2-be11-42c9-81cf-3bb2168cb50f;20.953849981405483;SAR;78.59579589525383
517;ef9a6728-4829-4565-815c-cf7033ff4d82;421.3094330412004;ZAR;7428.9492328154865
518;767ac937-d5cd-4560-9ceb-a9b8b02b1bfb;887.1062329055716;TRY;16165.914303484811
519;3a49e532-0d31-458c-94da-51543495b788;618.941028280738;NPR;78989.37781739344
520;9b78ef3b-cb3c-4c76-ae41-d2da46eab134;185.0847755611037;WST;505.3554711920375
521;12cc69e3-6a98-4e5a-b06d-54dc9c1f3f61;655.4207715401787;JMD;99422.28430270425
522;1a36f8ef-2454-45d7-b1f2-5eef36e430ef;755.7050290744165;KRW;1042947.3770680587
523;e8ecc182-bfa9-4f94-8c00-adafbca53172;676.5177068412539;SBD;5419.583349505285
524;b6516315-0720-4a8e-800f-d792197944cd;270.8933464117822;NIO;9717.025603794551
525;fd6d00b4-3812-41bb-bcea-3e5353100858;266.6007250600283;MVR;4103.518360123956
526;cb8b99b0-e6fa-420e-b630-86751c1a2037;162.80491983248757;TZS;378605.3482662153
527;d676d5cf-3dce-4de5-8f7c-b3cb93443206;674.4547281456108;MAD;7267.856705024288
528;8e1e7f72-a5da-4586-995c-cc85ce5987d3;612.9273286941352;ISK;84766.80758194013
529;03994916-4e1b-4601-9294-3d20454a9785;385.48450809153655;KRW;532006.5913903675
530;10846a3e-5002-4cdb-9d81-86ac4a0f01df;888.0674009352047;NZD;1483.960626962727
531;e60dbb3f-c828-4567-9640-4688d645ab17;911.9846396932166;TWD;28282.558844630003
532;301bd116-aa58-4ea0-ae1e-29c84c90233e;386.073147016542;BRL;2023.0232903666802
533;2d15e2e7-cd3a-453d-aee0-4617dfacfc40;669.9596960052988;MMK;1842334.6962912867
534;2ea56e92-65ad-4e42-b959-5dad767bd1eb;853.7748448983021;BHD;321.1047191662514
535;4ac13c15-1292-45ea-a5ac-6789efaf0e53;707.3842853359504;CAD;938.557469783739
536;053b6a5b-4018-4e2c-bf05-1620f89259fd;74.91724297895308;BOB;515.7153172185173
537;e995522d-6987-43c3-8d32-6df8ace083bb;890.1867744981025;NAD;15683.31059310757
538;dbfdeac4-f96e-4ed4-b556-5e2d3d1c5311;289.0760714003489;BOB;1989.9418603057218
539;5d276d9c-d4bf-4b48-bf24-09f79a54a9ad;974.4118498120772;GBP;854.4617511002106
540;f87d4823-efd9-4548-8eb4-2986a7c4638b;221.28209387544416;SDG;125172.61991431311
541;02dbdd20-f7f5-4b2a-8abc-96a458146de4;338.78993220900213;XAF;222231.6275620204
542;b4f50d0f-7203-43e1-9cbe-466061e395e4;489.0426585053428;GHS;5071.519081497956
543;e416da39-574c-4808-867e-1c97cc1d990b;833.4180809439936;MVR;12827.971101889949
544;64ad0331-31d7-4162-8ce8-9ab57137fd27;689.2054465148632;SGD;968.7471756212917
545;93d56423-feb5-4cfb-90b5-1c0a10c3a10e;166.6384779475137;SYP;417287.8945268966
546;0592b843-f55a-4779-924a-b71c709f589b;704.2537747741793;BOB;4847.942134790495
547;37662288-aa05-45b8-b338-7c81c238950f;930.7543906519664;MWK;961597.264272196
548;51b9debd-d109-4beb-8ab3-a50e0e65d86e;59.5004875555798;NAD;1048.2795897542048
549;4da3bf7c-dfed-4f0b-af50-5a9a3527dd9b;194.19782794936668;SZL;3421.377332811942
550;ccb3c071-68da-47dd-8d3b-7e2fac1701f1;815.5204313058405;YER;203348.95936955063
551;8a890fba-0679-455c-a9eb-1cc6bd2c8a1e;289.61306259027987;QAR;1054.45219958495
552;cd4b717a-0f96-4f88-b810-2f84473b77d8;136.17116978396993;UAH;5040.035421629187
553;009e5189-f3da-4267-a54e-f5b9bd60793c;317.1702478580842;BRL;1661.9720987763615
554;3bb3e7e4-f98c-46c4-b26b-5917460a9714;941.6893782715074;HRK;7095.158620586672
555;5eb719cb-e3ca-45e6-b61a-3f0ea35ae988;706.235224851061;ALL;82067.07557450276
556;a57ce202-6d3b-4670-bb22-56451a72de02;993.3964191800296;KMF;488719.050871877
557;0d78a5a2-88fd-4e2e-bb62-904b617ee11d;417.370436027624;PYG;2895125.6729408507
558;6bbca647-881a-4379-beaf-70a5aa0b1c44;494.2560725528675;KHR;2017697.512082776
559;71a0ecfd-04ed-4435-b69b-d93d76845a41;203.1668808193927;CAD;269.56181747117023
560;a53c622a-50cd-409e-b6ae-a3881768fca7;0.8322919483132463;ZAR;14.67580392460747
561;655bb984-65ff-4a6c-9815-2cf924c3c811;378.8698229051517;GNF;3257611.2792161074
562;ba832192-c3ac-4164-91d4-3b5c8cdfa9b1;710.6125613572422;IRR;29798993.644477718
563;221a02b2-4f66-4556-810f-09ae4a24b202;291.1988799744756;DJF;51764.4447406787
564;61acf3dc-e654-4c3f-83f5-50cf7c44d9c2;877.6674459044485;UYU;35585.728728152586
565;99f0a006-5f52-424e-be89-fab2bbd71c27;833.8963316123995;OMR;320.71652913812886
566;4a3f3f3e-ff18-43c4-b54e-5b9508f16ed7;279.02158766859685;BND;392.136939309446
567;be067a9f-4be6-4dd4-9ff9-f9f80f587790;121.30466152329888;HKD;952.8481162655128
568;551876ac-23e6-411d-9b10-330899f0b510;546.6558861781967;CRC;343740.5558297558
569;8b153feb-891a-43a0-a598-13429d1f606f;364.8950023285852;CDF;735303.4586738546
570;c6e31baf-8306-45b0-bcb3-01361a95c8ae;113.38357263217102;SDG;64137.67419248292
571;1e39bf74-8070-4257-9213-4ee5eb90c5d6;23.01291721307375;DKK;171.6855675764154
572;c70a6515-96c7-4429-ae87-c681edc89fd3;573.1939123460556;NPR;73151.12173238609
573;813e5bc4-0770-4790-892c-b1a5369fec98;988.0078128384044;ISK;136639.80090226952
574;b43ce38f-bdfb-403b-8145-24fea19f1b04;980.7108251432634;QAR;3570.6700432641073
575;f5c2b1a4-b3ca-4418-8638-abfde960f4b4;561.63230470905;BOB;3866.1644591561585
576;e19d4293-7263-4fc3-b1ba-35bc288645f9;365.7956124763028;FJD;816.931341343327
577;2542bd9e-3010-4646-bed9-0fb7e81354c9;455.24854156005455;LYD;2227.212439874255
578;c4a2d567-d148-411f-89d1-fea54723ea5b;458.0411129957693;TTD;3153.2924341967746
579;67e6154b-5255-4bc0-ba2d-50a9396a7cbd;329.3454703508656;MNT;1060464.3213611662
580;6af989f2-d98b-4065-a328-fe375f781b72;152.54675300534527;ZWL;92051.57700484621
581;9a84facc-7f08-4fd3-a841-bc43d26adc39;967.7192307156636;MXN;19457.253168538347
582;cd618194-18cb-4ecb-a65c-01dfbeae239a;605.4596341911059;JMD;91843.56446760749
583;bbb05d12-027b-452f-9fc1-fb4796cf7093;523.8204803810232;PAB;523.9252444770995
584;6cedf8c6-858a-4da0-8c52-be0f053fc7ba;338.9239985323397;ANG;606.809526972301
585;37ddcc32-f57f-4d00-836f-5f413fc0a710;708.2229229174524;SDG;400620.389984423
586;0cf2bd46-4589-466c-bb0d-f41be9f7522f;166.80134062736084;MYR;750.2557500078062
587;2a87ab67-9d68-4bc2-ae32-07ebf6b40e7d;550.9180594555786;CLP;507060.51948663295
588;ac0003af-e15a-4785-a1c7-f02da71624a2;608.5800874508935;SAR;2282.7230500195565
589;50d70e45-2b7f-4b95-a8ef-0a6de3a2a3f9;955.1427908075858;AUD;1421.4435012798492
590;fd63104a-857e-43ba-8609-dacf0fac6eb8;598.8454349772361;BTC;-1.0
591;f1b1f640-50ac-4d0c-9ae5-d4ab63cf5391;291.3393438830878;JOD;206.61786268188587
592;9a663ef8-7e49-4350-8920-6fae34eed777;138.98463063280363;CRC;87394.38354815378
593;9a101a8b-89c2-4de5-8bf9-68d7239b70bb;720.6222479921022;JPY;103119.60244317385
594;bf667cb9-3290-415e-8362-e1f572bdcbcb;261.1836172684611;USD;261.28809071536847
595;ed2e3129-91e3-434e-b065-50bdddf597bc;329.92472145561413;MXN;6633.5654270030145
596;adb9697c-6bac-42f1-b354-b227f4efc01f;485.9040028618536;ERN;7290.309297338107
597;360f42c5-48a0-4fa7-b903-69b65100e46f;426.3667894812171;KMF;209758.73141413752
598;2e6f0134-ee9f-4778-af13-1fbd708f02f2;788.9658505803626;GNF;6783712.764609239
599;558c8fbd-84f2-4b50-8ed9-567cadb8ecea;724.2864614982266;UAH;26807.652656203114
600;4522e75d-e272-4194-ac21-310cd4bd6018;582.4553455503955;GEL;1641.7668825028998
601;fd61dc31-a9e0-4387-8649-859710eeb1ba;739.0682370524224;KRW;1019986.9653536926
602;ac31e2a8-2a36-488e-9437-d517f0339860;492.3397662501572;CZK;12078.571485415107
603;4a110a73-a49c-4b07-aece-6d9327a104fa;983.2938795323092;PGK;3448.8049530716216
604;1c55e4cc-bb65-4e88-95db-44a1a042bec6;821.0982845730089;BIF;1664621.5843959912
605;535bc7cd-d7b7-47f4-999b-d3f86e9aaf98;182.47394213728617;PAB;182.51043692571363
606;009b1e42-b8c7-4491-8022-f42493e971f8;167.66391005130745;NAD;2953.9027672839343
607;2a51e073-b16e-4b9a-9fd0-d78914d660f4;68.69981985880302;BBD;137.43398962753545
608;0b8320ae-f326-45a6-bab4-48954fd42349;968.3666811448758;LBP;1460159.6407710863
609;ede8393f-e374-4acd-b7df-7ce30dfb2c79;736.6528624816008;BHD;277.05514157933004
610;1ac4153a-3007-47b3-aa86-1538c1e69d79;443.6686448585616;ETB;23478.01298176088
611;4acda472-5259-4b0b-abea-45661e2e3955;461.0648079650008;BDT;47507.287896059344
612;d3f48acf-305d-49c8-a224-1bd2492e00fd;639.3436573755677;AWG;1144.6808841652164
613;1260a696-bccc-4a53-afc3-14a2950400a2;950.8475535377346;TND;2986.3269113959627
614;5a795d39-c2f4-4b89-b8d3-7a50411d57ca;381.2172025616479;GBP;334.2893649263091
615;37c5ef49-7d66-4004-8c32-5424cba9f127;482.9837382526535;RON;2368.3590588957118
616;7721dde1-1265-480c-addc-04d9b1d762d1;291.35725733013874;AUD;433.59787035871244
617;0dd6452e-ddea-434a-9642-3cbf0db00fdc;786.4693034167061;NZD;1314.190206009316
618;0b9f848f-ffc6-4d49-aa3b-0db9ef8e86ad;379.3664215307039;MKD;23329.138092030636
619;dbe54db4-b1dc-42fc-b381-a7c529356bc6;947.9194189811296;LRD;145476.24531161497
620;211dcd63-b5d9-4d6d-9949-2c7ae88298e1;274.30418780606624;SOS;154946.2339964314
621;6dc56573-2a97-4b3b-bd4e-76abee6e8888;419.8677150498799;JEP;368.22398609874466
622;3f64aefa-c574-4fa7-9b9f-33d5ce92cb3b;471.5046390006287;RON;2312.070147803483
623;0e9c1e79-253a-42c6-a468-05d55e7f2eda;23.915875838768976;KMF;11765.840821472328
624;12760089-572c-4072-9f37-76a15cabf994;752.4953332016354;WST;2054.6132577737453
625;7ec48d30-88c5-4aa9-aac8-29b483955791;229.2369650337481;SHP;201.04081833459708
626;bda61fe3-6e21-4a57-8f77-382bbe63ae93;251.62482828535792;CDF;507051.63223865913
627;012a83e7-8eb7-4ac2-93d4-1560f0904f6f;933.8222375733334;KHR;3812134.8631032705
628;a62da480-0b54-42d2-a2d9-3346e3d0db4d;243.608023073402;CLP;224214.8512117723
629;1d0f2dca-af55-410c-a06a-a7d1019d5a8b;388.82556748293183;NPR;49621.99668728525
630;ee6862c7-32e3-4c94-81fa-682ec02a1400;900.43360575321;MWK;930271.7243638571
631;c154f9e7-53ca-41a1-979c-429ffc25b36f;413.9249868849185;MMK;1138260.0618320922
632;5adec4ba-0f06-4c7f-b525-e64289ea2ad3;429.1657169104843;BDT;44220.462972165864
633;fc0b2aa2-832e-425b-b708-84a823c3d5b4;461.23902433691165;BGN;902.0912837981318
634;80b36687-c311-462b-9d7f-e7e737b9e704;266.05059870780525;EGP;5150.260699905436
635;1998a5ab-2b24-408c-a5dd-cc8fb6036140;92.78682295909024;GMD;5142.858121424311
636;fabffda0-7d72-451b-bb09-2c171bc4ba9d;549.7500065256669;MOP;4446.872827785467
637;9ca718df-c302-431b-9b7c-8433124f4b56;118.43743584425172;IMP;103.86963123540876
638;10af02a8-9d73-4b3d-ba4b-2443b95c5ebd;381.3647027071821;ZWL;230127.62714753006
639;02912fbb-a66a-4946-9644-c1add94d7ecb;163.96804226454097;NAD;2888.7889686166827
640;c5e25809-c2a4-483f-a717-49320f4efa96;888.5176899987346;MAD;9574.577775657364
641;fd2f3079-bbd0-479c-9e1c-832c4497d7f8;370.39122921336167;UGX;1409083.0572086838
642;065e251b-6fea-4dda-9ed7-fa125d3c16be;419.99638177577015;IQD;609122.6424731174
643;c76c95b5-ecda-4fd6-92f5-bb5013ed2037;406.2126299154938;HRK;3060.609060098288
644;6fb1b404-a7f2-4b6e-beea-ef74e3704b16;747.681601795327;GIP;655.7167647745017
645;54a400f1-2629-4628-9a4a-323e15972fcf;970.6452268354864;NOK;9916.014572828644
646;cc050029-b1ad-46e4-b631-c02c5efcc447;341.9715239262621;TWD;10605.255097153633
647;40336302-5dec-47cc-a706-08fb12c0e160;389.0259264616531;SAR;1459.1973475650148
648;bbb4aa4f-9a7f-4888-90dd-bcb53cc24469;606.6298030760067;BHD;228.15346893688613
649;59f75d1b-c703-41e5-9d54-5801128644f5;813.9591807741504;WST;2222.43414718574
650;1f462391-62aa-458c-9632-093c4c25a289;567.1328959392864;LYD;2774.584266803771
651;a6d70317-7d66-4916-a557-4394e84d6fde;666.749536676308;GGP;584.7393436651222
652;fcaa2248-a56f-4427-b200-cf2d56cdbac3;648.4684068536124;HRK;4885.885211438543
653;ce6fd712-451b-424b-b17d-6f48ec94f836;695.1222949218643;SHP;609.622252646475
654;4fb25b9f-650a-4685-8dc3-8c6be34ddd35;623.4386019730545;GGP;546.7556539303688
655;94a453ec-cff8-43b1-8d75-4fe50e73921b;685.706987455149;ZWL;413777.47028333676
656;69a4ebf5-2fc5-4425-a04c-b81403a71531;871.6181626499779;IQD;1264111.7435729948
657;0538d47a-d74a-479e-9636-46956063c1b2;877.5662755250922;USD;877.9173020353022
658;623aca45-f487-42e6-bd88-2e4a6163ba91;898.6067063946656;DOP;47679.80225928904
659;663d9b4d-de9d-414e-a448-adbb34436ecf;786.0550091595226;VUV;92219.18761958602
660;44a0c700-1b61-42d0-b708-69c5a24809d5;876.3527691720838;RUB;52567.232141295186
661;34ee5a4d-9767-4646-91a8-e9660304a16b;494.8650213623813;SRD;13283.067930404766
662;53d12130-9e34-4690-9c1d-6035e02a4e3f;148.69634643935925;MGA;609063.7739886608
663;216d47bd-1525-4a01-b57c-840afd434f4a;790.6573022699573;QAR;2878.7041718346873
664;84679ff2-6907-4a4c-8fba-a1ae11ed745d;760.7042682270413;NOK;7771.278733780631
665;e88a4fc2-d511-47b7-bbd1-c7ebb95838ae;361.9556130449882;ZAR;6382.363324822276
666;86804384-40e2-4c4e-ab49-1eb328355a6e;981.5190483383728;NGN;419315.04709635075
667;4c6ffbe7-9e39-48db-b1e0-0f561b4382ca;258.66923278928454;CVE;28522.16295351046
668;bd86ba30-ee58-4735-8c06-8f9de8f8ba21;629.2545301668985;DZD;88281.89356429518
669;40b77b2b-2dae-4a62-b240-c1670fad0fc8;451.4506119610404;MDL;8714.98319354071
670;aca81f24-e360-4fd5-bc12-4332b7bb4541;904.570585223868;SDG;511688.3524865268
671;329dac9b-b34c-4751-9fd5-4ad73d693ee7;37.48841234332146;ETB;1983.8080555426507
672;bf43e36b-8eb3-4c21-86cd-747398d8f911;65.68584033512059;LYD;321.35483667151044
673;51b13916-2252-4c23-9545-076ed2d33ea8;218.48741705901352;NZD;365.0924739056116
674;8c673546-c8c0-457d-9705-fd9b3839c372;500.5628896035751;ZWL;302055.6155429756
675;c72dc43d-3ef0-4297-8b47-88e6109188f5;164.90328438098422;BAM;322.5178435923289
676;28909c08-b25c-4e19-b165-4bbf23e6c32d;657.0071560113288;THB;24284.42990192194
677;7b99cd8f-eeef-406a-8186-ebcc9a38e91f;861.7865488610452;KES;103664.73485576955
678;74460a1b-eb5f-45be-a6d1-45c5295f0433;578.924655361101;NIO;20766.201065199304
679;3d5316bf-0c7f-46c5-8e4a-4c16e7cf6f33;826.991423300719;TZS;1923181.2905537412
680;6f9f655d-2b20-4ae6-a33d-320f30603a8b;853.7778181238516;IDR;12552626.365097277
681;beaf6a48-641c-4b60-8ac6-b01b1dbdf506;589.3878849633494;LSL;10383.835757284289
682;f3c316e1-b950-47bd-a187-992a979ba6f2;611.8380208703386;BSD;611.9603884745127
683;cb8f8df3-4c87-4d14-88bb-822d7070b589;634.570154497517;GGP;556.5180254943224
684;a540b13e-cabf-4c6f-bf32-6ffcf7618e42;311.0749186572877;GMD;17241.825086450022
685;9fc5c35a-39d4-44ce-ad01-b7848613c7f8;828.7925724067052;SZL;14601.66754066133
686;89fcb469-0ba5-4f63-89ea-e9d59a39bea9;520.4297802372305;JPY;74472.46069238722
687;98aefdf8-b7c6-4a9a-82d5-d3dd6214c151;943.7734899370352;COP;4154940.8939028312
688;2c081d84-d28e-4f1f-8fe0-867da3cc91a5;267.50213536207536;USD;267.6091362162202
689;6201a5d5-0120-4ebc-a489-5c249cd3c687;729.5980453000739;KHR;2978432.11762452
690;49434927-9134-47b6-a8aa-bf26fcc9705b;929.004880335068;LYD;4544.970576063253
691;c9414018-73a0-49aa-9a2f-12ff96ec3a51;822.76753509839;MVR;12664.037900234418
692;b2a5ada0-8eb7-4e3d-bd5d-0bfac0e4696f;141.01594862490674;HNL;3457.3162156265635
693;9f912711-1fdd-4031-a9a1-2e56e6e6f00f;485.7906128222532;BZD;971.8241209509176
694;c1cad22a-2fa5-454c-a71a-4cded3df6fb4;171.51382317106524;INR;13662.208006808274
695;84b2aceb-4479-4b62-a802-834834a280f2;726.7442735027233;MWK;750826.7618659198
696;fbb30c09-6eee-4d6c-a0d0-056d46ec288a;788.7151124894026;TTD;5429.751448910794
697;867fb4db-4be6-444a-8252-5ae713fb6a5c;776.9400176984328;ERN;11656.897249540207
698;32f69494-358e-447c-9453-b59a3a83a5a9;767.6887632300514;SCR;10021.716190710384
699;0830cf4e-3b82-4026-bff1-cfca61a84b4c;456.39671010485273;AZN;773.8662616537883
700;3eeffce9-9007-4baf-bb5d-0df7d5aecabd;759.9948197938251;AED;2791.764971030637
701;03f22571-fe73-4dcf-8b26-2d858fce603d;163.7735223112584;MYR;736.6369260038091
702;6b721603-acbe-4de0-b50a-f1a2c7a7a568;55.95165729509044;NIO;2007.0027326720826
703;b7e524a0-fef7-4979-8646-04b68c051a94;969.200459230522;LSL;17075.373690723336
704;7da9a82d-52b0-47a0-a70b-17e2243b1404;143.38247901412282;NPR;18298.500648278157
705;e4e1648f-fe9c-4883-bd95-d6a541d39e57;192.68165981795548;THB;7121.938046523234
706;2bbfe127-5830-4a0c-b8f9-9483107bbbc2;495.6115654552512;RWF;531505.7374717823
707;27363de5-3e50-46da-bce8-0cb3ed052f63;621.782433302164;KMF;305896.93579031236
708;76d6416a-8a2f-4bbe-b225-7b94ff23b359;373.0348682137152;MOP;3017.441745493921
709;b79321ad-ebb3-4ae5-9df4-73f66f8f71e7;427.59342972013246;BOB;2943.467651507448
710;4a2584b2-1440-4762-b337-d77f46bd7332;31.36827215658944;RSD;3679.3979454970404
711;b50130f6-e71f-47df-9ccc-4857ab4615ad;999.4258785662774;TTD;6880.347575813824
712;05702567-e01a-42ab-aaac-b11d939f3cc4;848.535812820108;AWG;1519.2185192731215
713;be71c01d-9f34-4178-9d14-4a8e32a1dceb;84.93047152698574;BOB;584.6443798974644
714;80f38b0d-4eb2-4d35-a030-ce79ed437011;545.3095353181009;MXN;10964.157109966332
715;9364f048-a870-46f0-922b-47b3aa59ebdc;578.7288545262221;AED;2125.902574216624
716;1c01525c-dfda-4310-b456-85c96bd41c29;398.26983595772856;IRR;16701140.615673954
717;d0641527-20fb-4508-8d5f-4f7e7e5fa2f3;589.2467498474472;MXN;11847.571926457727
718;c4f3d1c0-84e7-4be7-978d-a19478e9085a;928.9995081459105;RSD;108968.66950708923
719;bce3bd77-f810-476a-8510-75fe4e753d2c;741.2671245970193;UAH;27436.149449147182
720;eb7c1891-72a4-4f42-8af5-d7e3ef62dd2a;312.2995917482323;VUV;36638.675804310864
721;7890f645-f4f3-4c7d-9059-a5a3164f0536;783.3568545562156;ANG;1402.5221123974484
722;0676fb3d-ee4e-474a-962d-717886cf633d;71.44437686522221;USD;71.47295461596829
723;61150836-314c-41d4-95ff-f71544fd70ee;663.92614889321;BND;933.0818096545173
724;dc789d67-6dfd-4b92-a72e-17ee046fc45d;502.2441113007535;MNT;1617183.1969657321
725;35aa331e-48ce-4e02-92ed-a81cd7a41352;151.13429256619025;BTC;-1.0
726;614d6fe9-b7c9-4fa8-9ec5-c1cdc63b170b;22.96257869557228;SZL;404.5547114585924
727;e628c551-eac7-4e5a-b029-85562a00d1e0;329.0795523807401;AMD;137072.75645544872
728;fd429532-1082-47e2-8812-b55c21b3fb30;700.7212745453239;BSD;700.861418800233
729;f0d87816-8c9e-4403-98dc-d0ab8fb9960d;365.13538803861513;NIO;13097.515909561536
730;3b040da3-1eb7-4cd1-9d78-2f968e81574b;538.6517114204936;KES;64794.68369262688
731;2fa93a10-9675-423c-ae26-a8ced7950d9f;212.4372005705073;AZN;360.20851728735215
732;05fe3294-af80-4875-88e6-d80795e8f06d;216.9696979294512;ALL;25212.659990314773
733;cb62e1f6-b6a5-4b4d-8e87-76ae7865eab4;650.057751870682;XDR;501.5195555682311
734;ff9ca7b7-e919-4993-87ca-e7663d57ce98;562.2785055170652;BWP;7347.574370844251
735;3360666e-a120-4839-9eba-74f3f37d38d7;101.93621348552728;CNY;714.2874351357867
736;292621cd-597a-4980-a7a4-429588bebb73;53.18964439248353;NPR;6788.0730552976265
737;a9447135-328d-4327-916c-958737177814;148.7195500393914;XDR;114.73713285539047
738;b7aaa20e-dccb-4f38-a4b6-f6001a5d47a6;897.1089336201813;ISK;124068.64043448394
739;db39a8a3-d75e-4899-aaed-72282ef31845;650.3436770164342;CZK;15954.88142824418
740;c41e8122-55eb-44dc-9c56-389d16c329f7;822.8509089778029;ZMW;12840.423864416818
741;e341d27c-b1a8-4e6b-83ff-cd7ed8d0936c;906.0995015600412;RSD;106282.57201458784
742;b7e4618b-e86d-489f-9da8-300bba9f018a;355.48010428487254;GGP;311.7560514578332
743;2b509499-6d91-44af-b280-935c955da46e;899.4292474227947;CVE;99175.56596707445
744;fd1e5d7f-22eb-440c-9c9e-a30f5db91f3f;224.0935640559062;TTD;1542.727323030075
745;499e260e-5fe7-4edf-9b97-5287179056d2;398.8990586217671;GEL;1124.376776537175
746;d285ebda-354f-4a07-97e6-29c8e94c4dc9;506.4304210005956;TTD;3486.4189472944
747;6168603a-569d-4201-8c17-a9f99f6906b7;196.2878397792676;SLL;2817894.0362603497
748;9a418944-b3ba-4649-99b0-666a65099059;501.75452216891534;LKR;179843.4719773866
749;2f7c5be9-9600-4c5b-9f33-73bed5752669;470.3960445159759;JPY;67312.73317814713
750;b7c9e389-2e2a-403f-b2f2-d9961004adc9;296.9596408486028;BSD;297.0190327767725
751;8c64ea92-6abf-4ffb-872b-9a0c93579501;460.3495417262827;MUR;20370.09894175463
752;81a99d8c-6b14-4893-affe-0957c9591b80;803.930418019995;DOP;42656.30680101553
753;cea35c00-aa3a-40ea-9568-0cc91296d3d8;748.9041101945053;JEP;656.7889046405811
754;18a2c988-395e-448b-8ed8-2b75d4b0221e;170.20892904415985;DJF;30256.883895462797
755;5af5a97f-0546-4a9d-a082-ae5db31a1dd6;222.07986338998032;BAM;434.3437968181235
756;ba4115d8-102c-41b0-880b-c0ddba767cd3;273.7338439317448;CVE;30183.26230113384
757;359204e5-ba36-4b19-8348-686b5357842e;831.2521147758632;DOP;44105.98783437287
758;a523568a-e40f-4cc7-9654-67ba9839ad94;335.80356970960224;MZN;21390.62022978772
759;c194a1d0-b519-482a-92f2-f21580fb79ec;243.53474342767524;KRW;336101.9341024195
760;1ed91baa-70db-4a7a-bfb4-a3e5b6f0ee46;881.2549023193491;IQD;1278087.9504808125
761;fe0442e3-6468-49dd-b2a0-e0237f0e0091;48.40127386333959;MKD;2976.436336226068
762;ad11a8ac-1788-46df-a82e-e44765e3a2b4;201.67836790962505;ZMW;3147.150595556117
763;77d2a5e6-4fdd-42fa-a567-ea90b57f7aa2;401.5144796102943;BWP;5246.790462307521
764;355dce03-878d-4649-9c0a-fdb83daa6f73;964.1552123641682;GYD;200432.05650502778
765;56cbf73f-90a1-4046-87b6-f61fb1ca8c45;913.0883013967724;JOD;647.562223350591
766;eaae8e2d-4f62-4c0f-8796-211a3e858cd9;734.7244185062425;ANG;1315.4505988935766
767;8bce364a-cd1d-432e-ac55-e525df393da8;39.55136304684193;IQD;57361.51980796856
768;0a7bcfeb-668e-4b52-a5db-d6b747d79e81;527.1712166376304;PYG;3656768.164628824
769;72b3ec1b-a7e1-4cc2-a839-3ed216324b4f;397.4884587107369;MXN;7992.02219737569
770;fcb665b6-ec51-4d16-9a62-ff3d9c366705;696.489857036575;BND;978.8468450792025
771;7b1eb89f-9313-4eb3-a7d4-d25c33fd7694;892.1550197757518;SDG;504665.24082104757
772;14aa8511-862e-4d0c-b7d6-2e03732c27e6;177.77083103508963;SDG;100559.60821453604
773;e7261acd-8718-460f-9401-cd79ca363826;452.0744720083074;RSD;53026.88892826403
774;6d086513-ae12-443c-9901-91cdfaabe2f2;633.3292026282695;TND;1989.097026694606
775;542e882e-7685-4903-9146-132a25165b17;587.0511593455096;BGN;1148.1546574479478
776;6b78863e-6059-4b7b-ab4c-1ba23eaca202;38.97317148572744;RUB;2337.7706157170232
777;2ac2d67b-5d7e-4a31-9255-7a6a1932418e;182.54513565946615;ANG;326.8288108847082
778;86937e52-e67b-4303-8dbf-0fa03c37838d;962.6227127383092;BIF;1951535.6143842144
779;5473a5f2-e893-49a5-b43b-f05b6d099775;273.5533595383491;RWF;293365.18804955453
780;bcc9c5b4-b4e1-4886-b7e5-02575e599481;523.3138640431922;BOB;3602.3879773005265
781;de684a77-3ed7-4654-9374-35deb3b888fd;779.4922589971304;CAD;1034.2303292373927
782;4df73839-79c7-4025-be89-ab9f72982ebf;312.9830257639673;LSL;5514.134947909575
783;cf9f59b7-4a27-4b40-98f6-37e97cd87b45;773.2850165298129;SAR;2900.514768501675
784;dcede6a8-1a71-47e0-9c4b-9ddbc63b6a40;707.5132254621346;GGP;620.4890987302921
785;16f548a9-c914-4394-a6e5-59ea68848997;689.461771413995;MUR;30508.131815652152
786;3ec6b3e6-349d-4f06-a3ef-ac7f1b47dc70;820.8387807981261;JOD;582.1388633420311
787;e161c540-60e3-45e0-9078-72dca76cf771;868.9379318716677;UZS;9494688.227801524
788;acb23937-f641-43e5-a0ae-e1c2920b2407;366.8887760424336;XDR;283.0546907167375
789;059fd915-87db-412a-8cbb-ff54392730d4;80.86387696371634;LSL;1424.6597843467543
790;c3f8200c-17bb-4bc7-86fc-184307746c5f;612.3459656461789;BOB;4215.267158315166
791;ce80ad90-7982-4ed0-b34c-3b59ae38e605;391.5336004722476;MUR;17325.048594016578
792;022fd28a-8d88-4643-8585-b5f9b96612e0;202.08085554692923;XPF;24114.712654126157
793;518858a6-8b3a-432c-8dbd-538267924122;916.1631980491654;TJS;9371.891434443938
794;cddc9f9e-3b82-4b33-96af-03d334b84d46;637.2859695315603;CVE;70270.3374303975
795;754979e0-9a32-4623-b65d-a36d2e3f9381;803.769100528751;CVE;88627.59986980273
796;35ea40f5-1edc-4fdb-8cf5-4f0275908a06;973.5306316450686;UAH;36032.80250376311
797;bc901de5-90f3-4c18-ba79-6b18725523bb;364.92579800266856;LBP;550256.3569098674
798;9d813322-cc1e-40e3-ac5b-d462aba018bf;946.7884621788226;DOP;50236.31176666967
799;352839fb-6835-41ef-90a8-44ff8c8ae361;266.4724522374533;JPY;38131.6749702751
800;65130f43-683a-4ead-9195-b08786119239;46.08781299587372;GMD;2554.490775797094
801;b628b2c0-0f51-4dd5-a766-30761bee3908;90.8233141190532;CDF;183018.94126745104
802;9a2dd4c0-ff92-4039-93e8-c669371c854f;267.960395462207;XDR;206.73144509909267
803;f8bfc405-7df9-44cd-bdaf-61a318beca49;742.7580810523862;GIP;651.3988370829427
804;aa846706-0a8d-47e9-aa40-f575f4bc1520;870.8808214770987;UYU;35310.55961144615
805;ecc5650b-1381-4567-8dea-3315347f7b37;47.34641678539708;CAD;62.81922579086485
806;824c29a8-ccc2-40a5-9b36-958423715f1b;210.24802644645803;FKP;184.38751919354368
807;abb08d52-53fd-4dee-94f6-6d5cd59d2698;33.04012293948233;HKD;259.5301656896337
808;cbe7ab19-1645-484b-8716-192d8b7ac68a;576.5008150392707;GHS;5978.486402201749
809;ca121ff6-f2fb-41b6-b96f-4e51c29ffe29;357.8285526043593;TTD;2463.3991046941906
810;5a3af7f3-5ba0-4c46-b285-ecfd32ef2196;223.0166460974562;BTN;17788.38753601296
811;712fa3f1-4187-4166-b558-d213d06038d9;697.8554924698117;BGN;1364.8657721724576
812;be957855-12e3-4ce6-ab0d-a3e3a4111c95;858.5243445219181;KRW;1184848.1600881824
813;f0d0fc8b-2656-4596-9f6d-85f931c7b0c8;221.1522519980664;NAD;3896.2603757019333
814;f695ba7e-d293-47f6-b151-08ab5c611461;685.1955064805804;NZD;1144.96169132905
815;e8707931-69d0-45bf-a8b5-9dde64fc4e9f;173.73447787825202;KZT;82391.49132002649
816;888990a7-2009-4f2d-b2d1-814202839101;664.5010715625218;ETB;35164.001254838375
817;19c05fdb-ee49-4c6b-ad59-8b904b62aaa7;551.0941931011129;MUR;24385.477169369766
818;48bf1b2a-0816-414a-a8a2-022b9b8b5f48;993.3891112834564;MKD;61088.463398376145
819;99de8514-8e73-4139-8b69-3f9216d41ed0;607.0578675996699;EGP;11751.547612567929
820;8cb2dca4-b3e6-466c-a7b8-4eaf0413b964;272.6818138232732;HUF;110397.08656268616
821;e76927b2-9ecb-45f7-bcb9-be6aa11e2867;596.5891913719055;ANG;1068.1332882322595
822;fae0edc1-f471-4ee7-aa23-5850143c1e78;653.4032871725384;PYG;4532387.702113037
823;3e0689ce-004e-4820-a03f-66073f9b9944;943.1126048027749;TMT;3301.4599843725937
824;6b3a7b48-9c75-48e5-9903-513c34c075e1;490.4088787879529;MDL;9467.04915967416
825;e7dc231f-0b18-431a-b9f6-d4ca2fe3e69a;554.2214982983327;JPY;79307.98796349482
826;71303ef9-9231-40f6-9b5b-79cea343c95a;308.6564997150946;ETB;16333.453786273405
827;e663ac88-141e-4766-b89a-f80b3ff9a3d9;813.9510116319908;UGX;3096521.973061699
828;35f4677d-5f09-4e84-b4dd-2d2080d147c0;723.8447186978836;LSL;12752.696254019313
829;8cb07a87-30a7-43ac-9d8b-6a4619f65072;918.2827788963002;ERN;13777.547501448531
830;28d76cf1-fa77-4ea4-9fa0-2ec7a566f2ed;338.9110916568768;NPR;43251.90129946895
831;3af12470-1076-4a0e-ad2a-0819f3ef5070;215.51182828207985;AED;791.6611500113921
832;55dc5ff7-8336-4ce3-810f-b4cb96251433;681.1481559082642;RSD;79896.4990139405
833;966adc07-072a-485c-91f4-08bd5b39925b;374.8075219805307;BSD;374.88248348492675
834;3dfcbbfd-5879-41e8-a4bb-2e76517cc5d0;527.5220358495192;GMD;29238.75287221696
835;e2c63ddd-f483-4141-8181-bd6f4c00ea06;702.7296882686451;ZAR;12391.232593241019
836;c654bd6a-b95d-4bb1-ade4-b6f4c52a9092;923.4812333953324;AMD;384661.1473748447
837;0197113d-e2b9-460f-9469-123e6bb831bf;814.5291485602619;BND;1144.739265386592
838;0c7d3033-89ae-4a89-9bf9-8a1b9fc88881;654.9003254958662;THB;24206.55681104331
839;cb7cce69-8773-4126-a8ba-e5669bdfbddb;837.4052006789233;BTN;66793.61605967268
840;781f4259-bc59-47ae-a3dc-0d1c064942cc;456.59093759441737;JOD;323.81429294196084
841;5da8319f-bc0e-4a1d-aa2e-55f0a4f4f7c3;991.4140444263384;NIO;35562.319197786084
842;24797f37-54b2-499c-8d29-17abc1e25d93;721.9010911683268;UAH;26719.364136867698
843;c9f328b6-c2e8-415b-8313-6994118b987d;885.6131210269717;LKR;317429.60247920064
844;423ce281-7836-4dbe-b24d-ad098d3bc7fc;487.11834766943264;CLP;448339.78153632965
845;bb8d9e7d-e8be-432c-86c9-818d84f88425;596.77417396544;MUR;26406.77977863155
846;1192b29f-77d9-4c02-b818-318e856d82f2;620.0627772487327;LAK;11097592.591736455
847;8aa5cf45-cd56-4eb1-b2a0-25db818d21fb;573.4194357778669;PAB;573.5341196650224
848;22d49f17-692e-403d-a652-f6de3c5c6dec;32.130283603549856;PGK;112.69375671109077
849;34edcd07-2ce8-4cbb-9b50-89b38100120e;831.4568762507537;BHD;312.7109311579085
850;4fd8d98f-9266-4665-a192-83e958a7afeb;450.3234880238754;GEL;1269.3268156928978
851;b37ba006-f7de-49b2-90f9-41b372a553b4;946.2426729551826;WST;2583.6209942368305
852;fb2cfae3-43a4-495b-8710-5950f0fe2393;955.8843420168628;BSD;956.0755188852661
853;cc9169f5-d6ab-48d9-9425-1346f352ed05;259.20898796189886;SRD;6957.635813075696
854;be440b08-d7cd-4dc7-aa19-681ee23003cb;776.2697960225969;BYN;1954.4920924256944
855;7a2cf139-5277-43bf-8340-d938fec42c49;753.8346114316704;SDG;426421.54926509183
856;e7b8543a-3de6-4ff3-8f6f-c63991f1dd00;121.14149311763045;XDR;93.46066194025188
857;5e57bcef-9474-45ae-a0e7-2ca9f2612047;350.246273494978;IQD;507963.74655799737
858;923cfcc2-0884-4733-8914-c1b7d573150b;132.48710160927658;ETB;7010.939194249538
859;9e05fab5-b2d1-4be2-bcf6-af5fefea56ca;391.8612642972014;QAR;1426.7276771796805
860;def8ade1-4eca-4843-9c60-e05f601d5c75;51.464705726749656;GTQ;399.59256114477506
861;4e1db16c-b7db-4523-ab5e-aaa274458fdc;514.8358294409395;CAD;683.0841785022385
862;27a296f6-3a34-4bf3-9985-1b9251bee772;485.5209780350384;SHP;425.8018977367287
863;8d6422e7-a89d-4b26-9f70-cfcb43b3b2d5;810.960134038082;EGP;15698.728466735998
864;933fd383-02d8-4d0d-b196-ac450a4ad225;342.9721769757733;BWP;4481.788922630918
865;298c6702-25f9-44b1-adff-98542a005c25;594.2132201840656;BGN;1162.1622160359955
866;af8a4faf-3ade-4a6d-8f27-d66250233097;350.996067785889;BBD;702.167633605671
867;7550b0e5-0f06-40d5-ab30-e2916ba7e87a;603.8474125104776;BAM;1181.0047693879922
868;38b3704d-1906-4688-a33a-254a1c9e33f6;257.64795566587304;JMD;39083.21098525431
869;68e3b8f1-a854-4d1c-93f4-83653840baa5;121.57669448442388;RON;596.1634790738209
870;4e9e7f1f-8f30-4a95-a7e4-94bbafb6c3bc;992.794186890813;VND;23373620.206489008
871;3ed2ba77-96b8-448c-af90-37193c208269;676.7410028842112;HUF;273983.19685649255
872;6f09849d-aaed-479e-b5da-2db0becf52c2;128.13906540892916;BDT;13203.218649418324
873;9a3b03d6-8c87-4cab-b168-d07c089c7166;798.3934741316453;TTD;5496.380193964485
874;d79b5a0b-9257-46cf-87c1-ea153b067a97;752.1686800774395;KMF;370042.7707666017
875;f7b599d1-8351-470c-a93e-b4429d71ff99;869.9598602079197;GMD;48218.91718780028
876;602937c4-b688-49d2-8b76-fe32d3bedc46;674.5008267348402;TMT;2361.1575940679813
877;0092208d-8411-4213-be30-932eac2b2e94;861.2493447768325;LRD;132175.0756935557
878;0528007c-1ac0-4e5e-9f79-9800afef4015;854.9384583028203;IRR;35851189.62255125
879;d1a04db7-cd94-4d50-b460-74774763357b;989.8948652002068;PYG;6866490.2694827225
880;f7f60904-0840-4807-895b-641d7608e037;47.832518642200505;AWG;85.63934137699579
881;f2fa981d-025f-40f5-a995-3f7018a4d31a;828.8996744305888;FKP;726.9450144756264
882;02db091e-1d5a-4761-8f9c-9cd963576ab6;665.6331073201573;BTN;53092.62728593478
883;3f7ef8d3-4544-47bd-a7f5-006fbd42d66c;387.7848859001223;ERN;5818.169314091075
884;f959dd07-4096-4d27-9e1d-d035e6bff2a6;978.1671691895258;THB;36155.21054101709
885;c2058d5c-e5e2-48b8-a0ed-c3715cef9ab0;678.1753084213731;IDR;9970839.105840063
886;6368e6c5-339f-4ccd-a003-c747437b721c;533.9677760065827;PHP;30474.608912247688
887;713d4d51-3918-42d9-87b1-8b0d0efe3440;381.0051616232501;ISK;52692.366143720734
888;78793baf-e5ad-44eb-9489-1263dd1ff51f;702.6856068959626;MXN;14128.407617932293
889;12dd9ba4-8257-4338-8e28-403d3d924f78;605.2250222680856;RON;2967.7814191937846
890;57e39bcd-5edf-4e15-91c9-c1a9797f176d;414.4259801840646;SAR;1554.4704090724078
891;e5e049a7-acdd-4f77-bdc4-37f4a228c27c;678.0637025270535;XAF;444780.63211853843
892;52243616-793d-436a-a801-bc96569af5c9;522.45814751416;GTQ;4056.574040558944
893;d717c295-1186-49ad-a7d6-a20c02c2f4cf;773.8082353629538;AZN;1312.0692438814244
894;bb57ea72-f709-4cc0-97ba-e56fb6b137f0;914.6059471118692;ALL;106280.5036358088
895;04546fd4-aee6-4abb-85ca-fa631e9a1b68;453.6932306693335;SGD;637.7112050288151
896;e178ec46-2708-4cd1-87cd-88374efd03a6;294.2362588213757;MWK;303986.5128480691
897;56706621-a1e8-46e1-989d-a59846b30528;947.5609464064546;COP;4171615.0831404603
898;a8b7a090-03cf-46c5-a854-7062f57e5d2c;858.5456195184215;MVR;13214.734175627544
899;cc1de62b-8217-4ef3-8cfb-4b0cced84376;884.4846543828882;RSD;103747.21960821876
900;ccf9d945-0a1d-4889-95de-d11f546e1cc2;215.93338289481025;TTD;1486.5501878627422
901;c45d1cb0-ee2b-4181-bd51-79cb1c24ef48;682.0746078843385;XDR;526.2205599827672
902;84a32768-d55a-4cc7-b07e-b11eecc467b8;490.3554553171408;CDF;988120.034457487
903;9b0f4a90-e087-4623-a684-22889963c43f;494.27767683967375;MUR;21871.39177801409
904;79b8b83a-85e8-42c1-bcab-479dbb3f379e;446.98165028203897;KES;53767.64620325161
905;d2213638-e385-443d-82f1-ce46c4ecf7b0;459.0199203372518;LBP;692136.9508438718
906;76e559c2-3b5a-4b7b-bf6a-784a0b0890e9;170.70543718219943;ERN;2561.1960973068476
907;f8f091b7-4709-495a-af30-33806a227ecb;597.6113418963873;GTQ;4640.09350302031
908;bc72aca8-7a53-4010-a368-838042649c9c;274.5050632678058;NPR;35032.39107525002
909;ca8801f4-1d52-4612-8546-938400e16348;963.8459769095664;RSD;113056.04878436604
910;48224bef-ee1b-4b6c-9490-f48b280c9364;306.9404845395399;LKR;110016.43232111965
911;b4012e7f-2cfb-4a57-8e54-9a1e3e583f9f;162.63464783463644;NAD;2865.2972255506247
912;204a5533-f20d-49d9-b3bc-6b1c5da420f6;115.9057279738732;GHS;1201.9771708074572
913;fcc7eed2-6111-4269-bba8-bb49db2d7dd4;876.8476631683952;PEN;3397.6970100112144
914;a2c09603-edc5-4b63-84d0-47b5d24d6493;697.4627655114483;SYP;1746552.0119719822
915;a1578a0c-bbf8-4508-9d6c-585b4edb4888;127.90017552936672;UYU;5185.814936978597
916;ab662723-d35a-419f-80b7-9bd2d09da1d7;42.64755852154634;TTD;293.5985871298814
917;89d06139-4a84-4142-9109-d0502dcda418;339.6484792068548;GNF;2920377.0000701286
918;55f3a049-da8b-4bb5-b147-748348a8127b;927.577530664039;IQD;1345269.8668209438
919;aeda7d95-6694-4ba7-95a3-f9b47a2f5a05;254.3615542919185;BDT;26208.95670344156
920;557f1887-c471-4731-82b2-cbe2c2543d5c;494.6332626209547;LSL;8714.44882085598
921;f4b4edff-52b2-424a-a575-bb1909b0870b;111.8001226241051;XCD;301.92741115865823
922;09b2f155-b378-42a4-b645-9aad29502a7c;122.75408021120003;CUP;2946.7976233260047
923;7ea2fe73-2c4e-4106-91f0-1da71f38b452;101.16718949160752;KES;12169.451807540214
924;30dc40a2-ac58-41db-aacf-b647c5bdafc2;626.755296102464;AED;2302.322904702791
925;a585a476-ab9e-42a4-bc97-bcbec9ca91fd;596.3240586386019;RWF;639512.232261444
926;1f44840a-f845-471e-95d9-fbdfbe2c25a7;336.8675822555716;SCR;4397.604165797134
927;a937465a-f68b-4c81-a7bb-fbb48cd86bb5;285.14037867836817;NIO;10228.070925306669
928;2a44d71f-b7aa-4849-8509-c935944cf2d4;628.8994129191981;KZT;298247.99978397466
929;bf43e0a7-0b20-44cb-96d8-c6a330a98eb8;664.6942374671637;BTC;-1.0
930;8ce8ca63-43d2-43bc-a25b-f8d63be379c6;305.0000146379158;BWP;3985.587691280965
931;06f4be59-3a9b-4de6-9145-b51537ca2bc4;618.8712977634386;XCD;1671.3238267399424
932;648ede09-b869-4226-b804-33bcbba46113;528.9217559764925;BTC;-1.0
933;eec75ed3-d96d-48ab-93c4-fa7c60dedfb9;571.2229554892199;GMD;31660.946264718794
934;824a6213-8951-43b9-ba51-71a39f6d7494;62.81016353669455;PKR;14825.999927953651
935;c8eae38e-77aa-400d-8fed-2bf30d83e116;62.90988635906103;ANG;112.63386053726288
936;3ed8af51-03bc-4732-8929-68a9a9261be2;776.5237491267751;YER;193625.18736388753
937;2711d539-5e73-49f2-b470-c2da89bd2734;137.0927216205069;GYD;28499.328504268808
938;3ca405e5-5296-4e1e-b0b9-1db030745fe2;369.0107812338046;PYG;2559674.797549003
939;72dce5b1-d768-458b-8a43-f58d9e3a3d3e;950.952603480611;PHP;54272.76698584543
940;d7a60d33-902d-4ee5-b325-e09dcf585ec5;499.0812017103264;TZS;1160621.0204278706
941;9cc0e9a6-280b-4855-a3fa-a2854581d53e;951.9244946362094;KRW;1313749.5671606907
942;7294fa0a-01d0-4d4d-8def-215b18203add;643.9734632089464;RUB;38628.16861447176
943;d0a6b18c-78db-4132-b54c-cb3e20f7e34e;842.1144431954258;BDT;86769.95642085893
944;7ce07fa4-5d5c-4cde-95be-3835b167b1ba;15.585257253722062;UZS;170296.5806262302
945;5873c1ad-6b28-4339-b36e-563213cf2dbe;880.0761548042015;LAK;15751189.998946147
946;ef6e63bc-afdd-4a5c-8a8e-7cb6d05cfbe8;623.9970060364561;KWD;187.0119027091259
947;d70c5364-8c67-4eb6-9c08-b7e83cd14805;170.22449016957353;XPF;20313.228860915548
948;d78b5830-900f-491c-a057-3ac1c58d42b6;22.61516187896706;PKR;5338.1868396560285
949;db1ec1b5-732d-4abe-a1d8-9239c93524ec;873.8511866499204;NAD;15395.510206398296
950;8133d4bf-6ab7-48a6-b75a-9145641510a5;551.7146306142139;XOF;361901.0739538079
951;633b89c6-36a6-4a74-9c19-19cf9166f463;760.22306928725;HNL;18638.541034329366
952;3441385b-e08f-4a47-ac5d-4c742bdcdcda;646.6251820584679;WST;1765.5453970924407
953;602b1794-d70b-4e26-a874-9901a1c03759;241.35720004712567;BIF;489306.10658473836
954;760eeb27-c0bf-4577-a8b5-91ee6826fc45;99.41277337045229;MWK;102707.06414801565
955;bb2d4528-055b-4f62-b302-5bcd95053651;251.9501494120072;SDG;142520.61582287517
956;468c3dba-fab5-4e5c-ac20-7668bd09b225;21.946217275887413;ETB;1161.3477311836825
957;c78fd8e1-d107-4831-a7ea-7a4d56616bef;749.7660731241998;TWD;23251.820436334998
958;b2be3338-1b66-4903-806c-d004fcf94e26;682.8730164469252;CVE;75296.99315852021
959;025545d2-39f4-4ede-932a-b5fea95cb217;776.8459054626228;CZK;19058.360598714527
960;d3d369e5-2e97-4d50-a38c-8128824566e0;167.18251160870113;SCR;2182.467379544628
961;b81ab2c4-58fb-4a7c-a7ee-a4e403e8cc1e;490.7671647162225;TOP;1159.633733507962
962;dd88ae17-6317-4f19-a203-c35acc92d21c;180.83188410179292;TOP;427.28765894412646
963;356cf039-2db4-471b-882d-39b5d033e878;161.57718151783374;UZS;1765517.31368691
964;5581a653-fafc-4dd5-85b3-cb5f758e18c6;107.45973702783962;MOP;869.231066844492
965;0106e724-dd8e-44eb-8840-eef8bdfb8aec;973.1512103753493;GYD;202302.17695718494
966;fdcf2c93-c3c4-4bc3-b1b3-06baa657016b;571.1056164718615;RSD;66988.86127417664
967;38c548a2-ee67-4cd7-b8c1-24db62a21982;531.8423931807687;BOB;3661.096666177775
968;121de3bf-4828-46b1-a3a4-ef40f3973af0;768.5450905120231;ETB;40669.79224520619
969;f9c3fe7c-4fa9-4304-b00d-e8671937b862;211.7329471032513;VUV;24840.29762120634
970;94a6c0b6-da44-4628-9e6d-82975db2a37b;641.0908684633105;VND;15093374.513238987
971;db170892-4fa5-4b90-b0f3-a70949902e81;131.71811529603295;GBP;115.5036153030913
972;cdd843fc-e5d6-4de3-9fa9-1a4340b973c1;103.23168775590928;YER;25740.687140741895
973;2d19ff16-5f23-4361-90d9-d2396a74e65b;211.13436898520652;UZS;2307017.4913070872
974;fcab3c47-4e4a-4f49-bd61-9bc62a34ecb9;373.11695633804345;YER;93036.2280108479
975;11e5261c-9955-4782-81fd-8bbe4209cef0;903.3755225653432;NIO;32404.35100707563
976;c632ed2b-cb11-4200-b80a-d79704796784;941.5140154970096;PAB;941.702318300109
977;4e9b4a2c-d42a-4fc0-92a0-4de30e9af80b;781.6066798756663;BZD;1563.6041630912705
978;75cfde68-819b-4ba3-a424-014a25aa7e23;153.31385481295956;XDR;118.2816389881983
979;9084149e-ef06-45c1-a315-14d087bcee06;591.8694449496718;MZN;37701.965269405104
980;3ee82ad8-b5e9-4f96-9313-d77ceb2f71d4;16.88839425728361;BOB;116.25632838828892
981;8d4d4791-29a4-4809-a67a-4931be12e48b;347.94803092065007;THB;12860.924708495253
982;1e083a10-db63-451e-a2da-d88c6b582c08;189.43742865142357;VND;4459976.265633801
983;17cfb4d7-def5-4769-89e2-e644307f7c34;112.6230951598256;SZL;1984.1936905258071
984;69e7733e-e9a8-412c-9900-dee910b3ace8;269.88984099081006;CRC;169708.37834305142
985;1be46fa9-cb10-4f88-a2f5-610a3940224a;587.4508624872996;BYN;1479.0837815705227
986;37517c73-0685-47a6-90a7-b8e9481f286b;115.67899375729483;MGA;473823.91158993106
987;be554e46-be2e-46c4-81b7-f0af7cf4d926;699.5101437648489;YER;174421.94498457818
988;97860e0c-dc44-4e05-b52f-6bcdf9532f8d;285.7495578551167;INR;22761.838230241887
989;99773bab-e969-43a2-a431-b90334b0322f;510.88762110701504;LYD;2499.4155087418494
990;3b80750d-bac2-420b-aabc-5ccaedb26f0c;153.82383650736807;XOF;100901.82232386364
991;11f16441-efcf-406b-acfe-79cee9f87807;214.0631514378435;BIF;433972.5816046059
992;0d761be4-e059-4361-90b3-a8a7f36ae80b;229.64436515475484;UAH;8499.712065290363
993;f547abcf-71df-4242-bcc0-a93c9c0f25cc;644.1014102641336;AUD;958.5517187550836
994;fef46d04-e38d-47e3-84a9-3f0fbdb1fd6a;475.69343478529856;ALL;55277.289618416915
995;7af9df95-667d-468a-a308-a626778330ac;545.8429193258085;NIO;19579.549269092546
996;3e88a076-acd3-4c7b-88b7-603f25b962c2;907.071369374666;RSD;106396.56899926632
997;7a53f7b2-be84-44e9-8075-4440d185a406;378.7594183464685;GIP;332.1720098898529
998;007481fa-0368-4898-a8d4-d74ee9732927;683.2746438011487;TJS;6989.557968763851
999;ecc78881-17ea-46e2-a7fe-96692ab7f7db;898.9900223141634;ZWL;542479.2572460781
